year,batch,category,school_code,school_name,major_code,major_name,subject_requirement,level,study_years,plan_count,annual_fee
2023,常规批第2次,普通类,A010,北京化工大学,14,生物工程(中外合作办学)(中美双学位、生物过程工程)（较高收费专业，合作方：美国纽约州立大学环境科学与林业学院，高考文化成绩须不低于特殊类型招生控制线）（退档后缺额计划）（不招色盲、色弱考生）,物理和化学,,4,1,50000
2023,常规批第2次,普通类,A019,中国农业大学,33,水产养殖学（新生到北京报到，集体安排在双清路1号住宿。在北京完成第一年学习后，从第二年起到我校烟台研究院进行教学和实习至毕业。不得转入此类型以外专业）（退档后缺额计划）（不招色盲、色弱考生）,物理或化学或生物,,4,1,3000
2023,常规批第2次,普通类,A081,华北理工大学,11,过程装备与控制工程（退档后缺额计划）（不招色盲、色弱考生）,物理,,4,1,4900
2023,常规批第2次,普通类,A110,中北大学,09,过程装备与控制工程（退档后缺额计划）（不招色盲、色弱考生）,物理,,4,1,5500
2023,常规批第2次,普通类,A128,内蒙古工业大学,19,安全工程（退档后缺额计划）（不招色盲、色弱考生）,物理和化学,,4,1,4600
2023,常规批第2次,普通类,A129,内蒙古农业大学,C2,制药工程（退档后缺额计划）（不招色盲、色弱考生）,物理或化学或生物,,4,1,4600
2023,常规批第2次,普通类,A172,大连外国语大学,0G,阿拉伯语（须口试）,不限,,4,1,8000
2023,常规批第2次,普通类,A203,吉林师范大学,45,德语（外语语种为英语）,不限,,4,1,4600
2023,常规批第2次,普通类,A205,长春师范大学,1D,俄语(师范类)（只招收英语语种考生，要求英语成绩不低于105分。中工校区）,不限,,4,2,5060
2023,常规批第2次,普通类,A212,黑龙江大学,89,生物技术（中俄学院授课，俄语课程四年不断线，部分专业课程由俄罗斯新西伯利亚国立大学教师用俄语讲授）（退档后缺额计划）（不招色盲、色弱考生）,物理或化学或生物,,4,1,6000
2023,常规批第2次,普通类,A225,东北林业大学,24,生物科学类（生物科学(国家理科基础科学研究和教学人才培养基地)、生物技术(国家生命科学与技术人才培养基地)、生物技术）（退档后缺额计划）（不招色盲、色弱考生）,物理或化学或生物,,4,1,5400
2023,常规批第2次,普通类,A292,常州大学,H2,消防工程（退档后缺额计划）（不招色盲、色弱考生）,化学,,4,1,5800
2023,常规批第2次,普通类,A338,浙江理工大学,06,轻化工程（退档后缺额计划）（不招色盲、色弱考生）,物理或化学,,4,1,6000
2023,常规批第2次,普通类,A344,浙江中医药大学,32,生物技术（退档后缺额计划）（不招色盲、色弱考生）,物理或化学或生物,,4,1,5300
2023,常规批第2次,普通类,A405,东华理工大学,1J,英语(外贸方向)（外语语种为英语，抚州校区就读）,不限,,4,2,4660
2023,常规批第2次,普通类,A407,江西理工大学,K1,日语（外语语种为英语）,不限,,4,3,4660
2023,常规批第2次,普通类,A421,江西财经大学,66,汉语国际教育(商务方向),不限,,4,1,4380
2023,常规批第2次,普通类,A429,青岛理工大学,XV,房地产开发与管理(地方专项计划),物理,,4,1,5500
2023,常规批第2次,普通类,A440,滨州医学院,1F,预防医学（退档后缺额计划）（不招色盲、色弱考生）,物理或化学或生物,,5,1,7590
2023,常规批第2次,普通类,A440,滨州医学院,1Q,口腔医学技术（退档后缺额计划）（不招色盲、色弱考生）,物理或化学,,4,1,7590
2023,常规批第2次,普通类,A440,滨州医学院,1S,护理学（滨州校区）（退档后缺额计划）（不招色盲、色弱考生）,不限,,4,1,7920
2023,常规批第2次,普通类,A441,山东中医药大学,17,应用心理学（退档后缺额计划）（不招色盲、色弱考生）,不限,,4,1,6300
2023,常规批第2次,普通类,A441,山东中医药大学,21,生物医学工程（退档后缺额计划）（不招色盲、色弱考生）,物理或化学或生物,,4,1,6300
2023,常规批第2次,普通类,A441,山东中医药大学,33,智能医学工程（退档后缺额计划）（不招色盲、色弱考生）,物理,,4,1,6600
2023,常规批第2次,普通类,A443,济宁医学院,06,预防医学（退档后缺额计划）（不招色盲、色弱考生）,物理或化学或生物,,5,1,7500
2023,常规批第2次,普通类,A443,济宁医学院,15,康复治疗学（退档后缺额计划）（不招色盲、色弱考生）,物理或化学或生物,,4,1,7500
2023,常规批第2次,普通类,A443,济宁医学院,17,卫生检验与检疫（退档后缺额计划）（不招色盲、色弱考生）,物理或化学或生物,,4,1,7500
2023,常规批第2次,普通类,A446,曲阜师范大学,1V,新闻学（日照校区）（退档后缺额计划）,不限,,4,1,5280
2023,常规批第2次,普通类,A602,广西师范大学,59,科学教育(师范类),物理,,4,1,5000
2023,常规批第2次,普通类,A619,西南科技大学,12,矿业类（采矿工程、矿物加工工程）（新增计划）（要求考生高考成绩不低于520分）,物理或化学,,4,2,6240
2023,常规批第2次,普通类,A619,西南科技大学,19,土木类（土木工程、建筑环境与能源应用工程）（新增计划）（要求考生高考成绩不低于524分）,物理,,4,2,6240
2023,常规批第2次,普通类,A694,西藏大学,48,药学（纳金校区）（退档后缺额计划）（不招色盲、色弱考生）,化学和生物,,4,1,3360
2023,常规批第2次,普通类,A742,西北民族大学,P7,金融学（数学成绩不低于90分）（新增计划）（要求考生高考成绩不低于499分）,不限,,4,2,3800
2023,常规批第2次,普通类,A742,西北民族大学,P8,经济学（数学成绩不低于90分）（新增计划）（要求考生高考成绩不低于512分）,不限,,4,1,3800
2023,常规批第2次,普通类,A757,塔里木大学,13,动物医学（退档后缺额计划）（不招色盲、色弱考生）,物理或化学或生物,,5,1,3000
2023,常规批第2次,普通类,A868,青岛滨海学院,38,口腔医学（退档后缺额计划）（不招色盲、色弱考生）,物理或化学,,5,1,37800
2023,常规批第2次,普通类,B079,成都大学,27,化学（退档后缺额计划）（不招色盲、色弱考生）,物理和化学,,4,1,5980
2023,常规批第2次,普通类,B104,华北科技学院,0H,应用化学（退档后缺额计划）（不招色盲、色弱考生）,化学,,4,1,4900
2023,常规批第2次,普通类,B407,北方民族大学,04,医学影像技术（新增计划）（不招色盲、色弱考生）（要求考生高考成绩不低于517分）,物理或化学或生物,,4,3,4800
2023,常规批第2次,普通类,B535,湖南工业大学,23,包装工程,物理和化学,,4,1,5900
2023,常规批第2次,普通类,B600,湖北经济学院,05,金融工程（新增计划）（要求考生高考成绩不低于533分）,不限,,4,1,4000
2023,常规批第2次,普通类,B600,湖北经济学院,27,法学（新增计划）（要求考生高考成绩不低于547分）,不限,,4,1,5200
2023,常规批第2次,普通类,B600,湖北经济学院,37,资源与环境经济学(低碳经济与管理)（新增计划）（要求考生高考成绩不低于532 分）,不限,,4,3,4000
2023,常规批第2次,普通类,B607,北部湾大学,0T,能源化学工程（退档后缺额计划）（不招色盲、色弱考生）,物理或化学或生物,,4,1,4600
2023,常规批第2次,普通类,B658,海南师范大学,07,学前教育(中外合作办学)(师范类)（外语单科成绩不低于90分，须口试合格。高收费专业。合作院校：美国德保罗大学）（退档后缺额计划）（不招色盲、色弱考生）,不限,,4,1,37000
2023,常规批第2次,普通类,D123,陕西国际商贸学院,19,护理学（新增计划）（不招色盲、色弱考生）（要求考生高考成绩不低于477分）,不限,,4,5,22000
2023,常规批第2次,普通类,D123,陕西国际商贸学院,27,汉语言文学（新增计划）（要求考生高考成绩不低于479分）,不限,,4,5,22000
2023,常规批第2次,普通类,D558,新疆理工学院,1E,工商管理（退档后缺额计划）（不招不能识别红、黄、兰、绿、紫各种颜色中任何一种颜色的导线、按键、信号灯、几何图形的考生）,不限,,4,1,3200
2023,常规批第2次,普通类,D706,吉林医药学院,07,药物制剂（退档后缺额计划）（不招色盲、色弱考生）,物理和化学,,4,1,6160
2023,常规批第2次,普通类,E327,青岛电影学院,0J,网络与新媒体（新增计划）（要求考生高考成绩不低于461分）,不限,,4,1,48000
2023,常规批第2次,普通类,E327,青岛电影学院,0M,广告学（新增计划）（要求考生高考成绩不低于461分）,不限,,4,1,48000
2023,常规批第2次,普通类,E410,四川电影电视学院,A5,文化产业管理（安仁校区）（新增计划）（要求考生高考成绩不低于476分）,不限,,4,2,15000
2023,常规批第2次,普通类,E829,海南比勒费尔德应用科学大学,01,电子信息科学与技术（1.外语语种限英语。2.单科物理成绩和单科英语成绩不低于满分的65%）（新增计划）（要求考生高考成绩不低于481分）,物理,,4,2,80000
2023,常规批第2次,普通类,E829,海南比勒费尔德应用科学大学,02,计算机科学与技术（1.外语语种限英语。2.单科物理成绩和单科英语成绩不低于满分的65%）（新增计划）（要求考生高考成绩不低于488分）,物理,,4,2,80000
2023,常规批第3次,普通类,A442,山东医学高等专科学校,01,临床医学（退档后缺额计划）（色盲、色弱考生不予录取）,不限,,3,5,6900
2023,常规批第3次,普通类,A442,山东医学高等专科学校,05,药学（退档后缺额计划）（色盲、色弱考生不予录取）,不限,,3,2,6000
2023,常规批第3次,普通类,A442,山东医学高等专科学校,37,临床医学（济南校区）（退档后缺额计划）（色盲、色弱考生不予录取）,不限,,3,2,6900
2023,常规批第3次,普通类,A442,山东医学高等专科学校,41,药学（济南校区）（退档后缺额计划）（色盲、色弱考生不予录取）,不限,,3,1,6000
2023,常规批第3次,普通类,A624,中国民用航空飞行学院,14,空中乘务（考生须提前经我院组织的面试体检合格，并取得面试体检合格通知书方可报考）,不限,,3,23,
2023,常规批第3次,普通类,A851,上海东海职业技术学院,19,空中乘务（须面试合格方可报考，详见学校招生官网）,不限,,3,50,21000
2023,常规批第3次,普通类,A868,青岛滨海学院,58,护理（退档后缺额计划）（色盲、色弱考生不予录取）,不限,,3,1,17800
2023,常规批第3次,普通类,A868,青岛滨海学院,62,现代物流管理（退档后缺额计划）,不限,,3,1,17800
2023,常规批第3次,普通类,A868,青岛滨海学院,64,应用英语,不限,,3,7,17800
2023,常规批第3次,普通类,A868,青岛滨海学院,65,应用韩语,不限,,3,122,17800
2023,常规批第3次,普通类,A868,青岛滨海学院,66,应用日语,不限,,3,100,17800
2023,常规批第3次,普通类,B547,广西警察学院,09,"安全防范技术（2003年1月1日以后出生。本专业有身体条件要求和注意事项，详见学校官网《广西警察学院2023年全日制普通高等教育招生章程》,广西警察学院五合校区）（退档后缺额计划）",不限,,3,3,6000
2023,常规批第3次,普通类,B959,鹤岗师范高等专科学校,0F,矿物加工技术,不限,,3,18,4500
2023,常规批第3次,普通类,C040,广州民航职业技术学院,10,民航空中安全保卫（只招已面试合格且无色盲色弱考生。）,不限,,3,62,6410
2023,常规批第3次,普通类,C055,长沙航空职业技术学院,19,空中乘务（需提前面试合格后方可填报。）,不限,,3,2,8000
2023,常规批第3次,普通类,C324,青岛职业技术学院,46,海洋化工技术（退档后缺额计划）（色盲、色弱考生不予录取）,不限,,3,1,5750
2023,常规批第3次,普通类,C326,威海职业学院,P8,商务英语(外语语种为英语，高职院校专项计划),不限,,3,1,4800
2023,常规批第3次,普通类,C440,东营职业学院,G8,国际经济与贸易(高职院校专项计划),不限,,3,1,5200
2023,常规批第3次,普通类,C711,泉州纺织服装职业学院,23,信息安全技术应用,不限,,3,1,13800
2023,常规批第3次,普通类,C795,南昌理工学院,68,空中乘务（需面试合格方可报考）,不限,,3,1,17000
2023,常规批第3次,普通类,C800,上海工商外国语职业学院,04,应用日语,不限,,3,2,21800
2023,常规批第3次,普通类,C819,山东科技职业学院,43,现代非织造技术(高职院校专项计划),不限,,3,16,5500
2023,常规批第3次,普通类,C927,泉州华光职业学院,14,音乐教育,不限,,3,2,12800
2023,常规批第3次,普通类,C927,泉州华光职业学院,15,美术教育,不限,,3,7,12800
2023,常规批第3次,普通类,C927,泉州华光职业学院,19,助产（惠安校区）,不限,,3,6,12800
2023,常规批第3次,普通类,C927,泉州华光职业学院,39,大数据技术,不限,,3,2,10800
2023,常规批第3次,普通类,C927,泉州华光职业学院,45,智能物流技术,不限,,3,3,10800
2023,常规批第3次,普通类,C938,江西应用科技学院,1B,学前教育,不限,,3,1,17000
2023,常规批第3次,普通类,C991,武汉商贸职业学院,0J,空中乘务（须面试合格方可报考）,不限,,3,4,15000
2023,常规批第3次,普通类,D247,湖北商贸学院,47,工程造价（就读咸宁校区）,物理,,3,1,
2023,常规批第3次,普通类,D247,湖北商贸学院,48,建筑工程技术(智能建造技术方向)（就读咸宁校区）,物理,,3,10,
2023,常规批第3次,普通类,D320,青岛黄海学院,B2,口腔医学（退档后缺额计划）（色盲、色弱考生不予录取）,不限,,3,2,39800
2023,常规批第3次,普通类,D324,山东协和学院,66,临床医学（退档后缺额计划）（色盲、色弱考生不予录取）,不限,,3,4,19800
2023,常规批第3次,普通类,D324,山东协和学院,67,口腔医学（退档后缺额计划）（色盲、色弱考生不予录取）,不限,,3,1,39800
2023,常规批第3次,普通类,D359,烟台理工学院,48,商务英语（外语语种为英语）,不限,,3,15,13800
2023,常规批第3次,普通类,D389,德州职业技术学院,C3,药品生物技术（退档后缺额计划）,不限,,3,1,5500
2023,常规批第3次,普通类,D526,桂林山水职业学院,14,工商企业管理,不限,,3,1,10500
2023,常规批第3次,普通类,D526,桂林山水职业学院,15,现代文秘,不限,,3,1,10500
2023,常规批第3次,普通类,D669,四川传媒学院,Z1,空中乘务（须面试合格方可填报）,不限,,3,6,17000
2023,常规批第3次,普通类,D669,四川传媒学院,Z3,民航空中安全保卫（须面试合格方可填报）,不限,,3,2,17000
2023,常规批第3次,普通类,D671,成都文理学院,53,空中乘务（需通过我校面试合格，方可报考。）,不限,,3,6,17000
2023,常规批第3次,普通类,D715,广州涉外经济职业技术学院,F2,工商企业管理(与澳大利亚西悉尼大学学分互认项目),不限,,3,17,43800
2023,常规批第3次,普通类,D761,云南工程职业学院,44,学前教育,不限,,3,1,11500
2023,常规批第3次,普通类,D767,厦门演艺职业学院,02,婴幼儿托育服务与管理,不限,,3,2,10000
2023,常规批第3次,普通类,D777,淄博师范高等专科学校,05,学前教育(师范类)（退档后缺额计划）（色盲、色弱考生不予录取）,不限,,3,1,4600
2023,常规批第3次,普通类,D777,淄博师范高等专科学校,06,学前教育(中外合作办学)(师范类，与韩国湖原大学合作)（退档后缺额计划）（色盲、色弱考生不予录取）,不限,,3,1,12000
2023,常规批第3次,普通类,D821,忻州职业技术学院,0E,针灸推拿（退档后缺额计划）（色盲、色弱考生不予录取）,不限,,3,1,4000
2023,常规批第3次,普通类,D824,内蒙古交通职业技术学院,38,"空中乘务（身高要求：男生身高172—184cm，女生身高162—174cm；.视力要求：无色盲、色弱、斜眼，矫正视力1.0以上；面部、颈部、四肢及其它裸露部位无明显疤痕，色觉和嗅觉正常；五官端正、口齿清楚，普通话流利，英文发音基本准确；.行走正常无明显的内、外八字,无明显O、X型腿。）",不限,,3,16,8500
2023,常规批第3次,普通类,D873,赣西科技职业学院,0V,学前教育(师范类),不限,,3,5,10900
2023,常规批第3次,普通类,D874,山东外事职业大学,09,空中乘务（需面试合格方可报考）,不限,,3,9,13600
2023,常规批第3次,普通类,D895,燕京理工学院,1V,空中乘务（需要面试合格方可报考）,不限,,3,13,18900
2023,常规批第3次,普通类,D909,云南工商学院,0Y,机电一体化技术,不限,,3,15,17000
2023,常规批第3次,普通类,D909,云南工商学院,16,护理,不限,,3,3,16000
2023,常规批第3次,普通类,D909,云南工商学院,18,大数据与会计,不限,,3,22,18000
2023,常规批第3次,普通类,D909,云南工商学院,1C,电子商务,不限,,3,25,17000
2023,常规批第3次,普通类,D909,云南工商学院,1H,空中乘务,不限,,3,47,18000
2023,常规批第3次,普通类,D909,云南工商学院,1Q,学前教育,不限,,3,37,17000
2023,常规批第3次,普通类,D931,三亚航空旅游职业学院,0F,空中乘务（面试合格方可报考）,不限,,3,22,15800
2023,常规批第3次,普通类,D931,三亚航空旅游职业学院,0H,民航空中安全保卫（面试合格方可报考）,不限,,3,16,15800
2023,常规批第3次,普通类,D963,昆山登云科技职业学院,0B,建筑室内设计,不限,,3,6,14000
2023,常规批第3次,普通类,D995,青岛工学院,36,应用英语,不限,,3,70,15000
2023,常规批第3次,普通类,D998,齐鲁理工学院,81,"空中乘务（面试合格方可报考,曲阜校区）",不限,,3,8,15800
2023,常规批第3次,普通类,E000,潍坊理工学院,F9,空中乘务(校企合作，与北京广慧金通教育科技有限公司合作)（须面试合格方可报考）,不限,,3,220,13000
2023,常规批第3次,普通类,E013,楚雄医药高等专科学校,11,临床医学（色觉异常者不予录取）（退档后缺额计划）,化学或生物,,3,1,5000
2023,常规批第3次,普通类,E032,云南新兴职业学院,34,学前教育,不限,,3,4,10000
2023,常规批第3次,普通类,E211,广西经济职业学院,03,建筑消防技术,不限,,3,2,18000
2023,常规批第3次,普通类,E211,广西经济职业学院,07,无人机应用技术,不限,,3,1,16000
2023,常规批第3次,普通类,E211,广西经济职业学院,33,环境艺术设计,不限,,3,1,13500
2023,常规批第3次,普通类,E211,广西经济职业学院,35,工艺美术品设计,不限,,3,2,18000
2023,常规批第3次,普通类,E212,云南经贸外事职业学院,01,护理,不限,,3,2,14800
2023,常规批第3次,普通类,E212,云南经贸外事职业学院,03,药学,不限,,3,2,13800
2023,常规批第3次,普通类,E212,云南经贸外事职业学院,06,医学美容技术,不限,,3,2,14800
2023,常规批第3次,普通类,E212,云南经贸外事职业学院,13,学前教育,不限,,3,8,14800
2023,常规批第3次,普通类,E237,重庆电讯职业学院,02,现代移动通信技术,不限,,3,2,11800
2023,常规批第3次,普通类,E237,重庆电讯职业学院,19,建筑工程技术,不限,,3,4,10800
2023,常规批第3次,普通类,E237,重庆电讯职业学院,22,建筑消防技术,不限,,3,4,11800
2023,常规批第3次,普通类,E237,重庆电讯职业学院,25,旅游管理,不限,,3,1,9800
2023,常规批第3次,普通类,E237,重庆电讯职业学院,28,会计信息管理,不限,,3,1,10800
2023,常规批第3次,普通类,E351,信阳涉外职业技术学院,0T,应用韩语,不限,,3,15,7400
2023,常规批第3次,普通类,E351,信阳涉外职业技术学院,0U,应用日语,不限,,3,1,7400
2023,常规批第3次,普通类,E353,南阳职业学院,0H,市场营销,不限,,2,34,9800
2023,常规批第3次,普通类,E367,重庆艺术工程职业学院,92,虚拟现实技术应用,不限,,3,2,12000
2023,常规批第3次,普通类,E370,重庆经贸职业学院,59,云计算技术应用,不限,,3,4,10000
2023,常规批第3次,普通类,E372,昆明卫生职业学院,45,医学检验技术,不限,,3,1,12000
2023,常规批第3次,普通类,E372,昆明卫生职业学院,46,医学影像技术,不限,,3,1,12000
2023,常规批第3次,普通类,E372,昆明卫生职业学院,52,预防医学,不限,,3,1,12000
2023,常规批第3次,普通类,E380,郑州商贸旅游职业学院,D7,大数据与财务管理,不限,,2,4,15000
2023,常规批第3次,普通类,E380,郑州商贸旅游职业学院,DU,建设工程管理,不限,,2,15,15000
2023,常规批第3次,普通类,E394,上海民航职业技术学院,02,民航空中安全保卫（面试体检合格后方可报考）,不限,,3,21,7500
2023,常规批第3次,普通类,E402,景德镇陶瓷职业技术学院,J4,材料工程技术,不限,,3,4,9000
2023,常规批第3次,普通类,E402,景德镇陶瓷职业技术学院,J5,现代物流管理,不限,,3,5,9000
2023,常规批第3次,普通类,E402,景德镇陶瓷职业技术学院,J6,旅游管理,不限,,3,6,9000
2023,常规批第3次,普通类,E402,景德镇陶瓷职业技术学院,J7,婴幼儿托育服务与管理,不限,,3,6,9000
2023,常规批第3次,普通类,E410,四川电影电视学院,B3,民航空中安全保卫（安仁校区，须面试合格方可报考）,不限,,3,18,15000
2023,常规批第3次,普通类,E411,四川汽车职业技术学院,06,汽车造型与改装技术,不限,,3,1,12000
2023,常规批第3次,普通类,E411,四川汽车职业技术学院,09,云计算技术应用,不限,,3,4,12000
2023,常规批第3次,普通类,E411,四川汽车职业技术学院,11,大数据技术,不限,,3,4,12000
2023,常规批第3次,普通类,E411,四川汽车职业技术学院,16,城市轨道交通运营管理,不限,,3,3,12000
2023,常规批第3次,普通类,E411,四川汽车职业技术学院,19,大数据与会计,不限,,3,1,12000
2023,常规批第3次,普通类,E411,四川汽车职业技术学院,22,现代物流管理,不限,,3,5,12000
2023,常规批第3次,普通类,E411,四川汽车职业技术学院,27,学前教育,不限,,3,9,12000
2023,常规批第3次,普通类,E412,贵州工商职业学院,0G,大数据技术,不限,,3,4,13800
2023,常规批第3次,普通类,E480,洛阳科技职业学院,35,学前教育,不限,,3,1,13600
2023,常规批第3次,普通类,E484,四川希望汽车职业学院,01,新能源汽车技术,不限,,3,7,12600
2023,常规批第3次,普通类,E484,四川希望汽车职业学院,05,汽车制造与试验技术,不限,,3,4,12600
2023,常规批第3次,普通类,E484,四川希望汽车职业学院,20,计算机应用技术,不限,,3,2,12600
2023,常规批第3次,普通类,E484,四川希望汽车职业学院,21,电子商务,不限,,3,2,10200
2023,常规批第3次,普通类,E484,四川希望汽车职业学院,23,护理,不限,,3,14,12600
2023,常规批第3次,普通类,E484,四川希望汽车职业学院,27,学前教育,不限,,3,14,12600
2023,常规批第3次,普通类,E485,四川电子机械职业技术学院,01,电子信息工程技术,不限,,3,10,11600
2023,常规批第3次,普通类,E485,四川电子机械职业技术学院,05,计算机应用技术,不限,,3,9,11600
2023,常规批第3次,普通类,E485,四川电子机械职业技术学院,12,机械制造及自动化,不限,,3,8,11600
2023,常规批第3次,普通类,E485,四川电子机械职业技术学院,13,机电一体化技术,不限,,3,9,11600
2023,常规批第3次,普通类,E485,四川电子机械职业技术学院,15,工业机器人技术,不限,,3,19,11600
2023,常规批第3次,普通类,E485,四川电子机械职业技术学院,16,智能控制技术,不限,,3,14,11600
2023,常规批第3次,普通类,E485,四川电子机械职业技术学院,17,大数据与会计,不限,,3,22,11000
2023,常规批第3次,普通类,E485,四川电子机械职业技术学院,19,现代物流管理,不限,,3,12,11000
2023,常规批第3次,普通类,E485,四川电子机械职业技术学院,23,婴幼儿托育服务与管理,不限,,3,29,11600
2023,常规批第3次,普通类,E485,四川电子机械职业技术学院,30,建筑设计,不限,,3,13,11600
2023,常规批第3次,普通类,E485,四川电子机械职业技术学院,34,物联网应用技术,不限,,3,14,11600
2023,常规批第3次,普通类,E548,四川应用技术职业学院,00,学前教育(师范类),不限,,3,3,11000
2023,常规批第3次,普通类,E548,四川应用技术职业学院,04,电子商务,不限,,3,9,11000
2023,常规批第3次,普通类,E548,四川应用技术职业学院,07,大数据与会计,不限,,3,5,11000
2023,常规批第3次,普通类,E548,四川应用技术职业学院,13,计算机应用技术,不限,,3,5,12000
2023,常规批第3次,普通类,E548,四川应用技术职业学院,14,建筑工程技术,不限,,3,8,12000
2023,常规批第3次,普通类,E548,四川应用技术职业学院,17,数字媒体技术,不限,,3,7,12000
2023,常规批第3次,普通类,E557,重庆资源与环境保护职业学院,29,智能环保装备技术,不限,,3,2,11800
2023,常规批第3次,普通类,E642,德阳城市轨道交通职业学院,15,城市轨道车辆应用技术,不限,,3,9,13200
2023,常规批第3次,普通类,E642,德阳城市轨道交通职业学院,18,城市轨道交通车辆制造与维护,不限,,3,10,13200
2023,常规批第3次,普通类,E642,德阳城市轨道交通职业学院,24,城市轨道交通工程技术,不限,,3,7,13200
2023,常规批第3次,普通类,E642,德阳城市轨道交通职业学院,45,城市轨道交通通信信号技术,不限,,3,11,13200
2023,常规批第3次,普通类,E643,德阳科贸职业学院,01,学前教育,不限,,3,2,12800
2023,常规批第3次,普通类,E643,德阳科贸职业学院,08,金融服务与管理,不限,,3,1,12800
2023,常规批第3次,普通类,E643,德阳科贸职业学院,10,工业互联网技术,不限,,3,2,14000
2023,常规批第3次,普通类,E643,德阳科贸职业学院,12,智能产品开发与应用,不限,,3,1,14000
2023,常规批第3次,普通类,E643,德阳科贸职业学院,13,人工智能技术应用,不限,,3,1,14000
2023,常规批第3次,普通类,E643,德阳科贸职业学院,23,应急救援技术,不限,,3,1,14000
2023,常规批第3次,普通类,E643,德阳科贸职业学院,25,建筑消防技术,不限,,3,1,14000
2023,常规批第3次,普通类,E645,天府新区航空旅游职业学院,06,生物产品检验检疫,不限,,3,7,12800
2023,常规批第3次,普通类,E645,天府新区航空旅游职业学院,07,社区康复,不限,,3,9,12800
2023,常规批第3次,普通类,E645,天府新区航空旅游职业学院,08,健康管理,不限,,3,2,12800
2023,常规批第3次,普通类,E672,攀枝花攀西职业学院,01,环境艺术设计,不限,,3,2,12000
2023,常规批第3次,普通类,E672,攀枝花攀西职业学院,02,现代农业技术,不限,,3,2,11000
2023,常规批第3次,普通类,E672,攀枝花攀西职业学院,06,汽车检测与维修技术,不限,,3,5,11000
2023,常规批第3次,普通类,E672,攀枝花攀西职业学院,07,机电设备技术,不限,,3,4,11000
2023,常规批第3次,普通类,E672,攀枝花攀西职业学院,08,婴幼儿托育服务与管理,不限,,3,6,12000
2023,常规批第3次,普通类,E672,攀枝花攀西职业学院,10,电梯工程技术,不限,,3,3,11000
2023,常规批第3次,普通类,E672,攀枝花攀西职业学院,11,农产品加工与质量检测,不限,,3,4,11000
2023,常规批第3次,普通类,E672,攀枝花攀西职业学院,12,行政管理,不限,,3,1,10000
2023,常规批第3次,普通类,E673,资阳口腔职业学院,03,康复治疗技术,物理或化学或生物,,3,2,11000
2023,常规批第3次,普通类,E673,资阳口腔职业学院,14,智能医疗装备技术,不限,,3,8,11000
2023,常规批第3次,普通类,E673,资阳口腔职业学院,15,医疗器械维护与管理,不限,,3,3,11000
2023,常规批第3次,普通类,E673,资阳口腔职业学院,16,医疗器械经营与服务,不限,,3,3,11000
2023,常规批第3次,普通类,E674,资阳环境科技职业学院,01,环境工程技术,不限,,3,7,11000
2023,常规批第3次,普通类,E674,资阳环境科技职业学院,02,建筑消防技术,不限,,3,2,11000
2023,常规批第3次,普通类,E674,资阳环境科技职业学院,03,康复治疗技术,不限,,3,7,11000
2023,常规批第3次,普通类,E674,资阳环境科技职业学院,07,环境监测技术,不限,,3,5,11000
2023,常规批第3次,普通类,E674,资阳环境科技职业学院,09,生态环境大数据技术,不限,,3,4,11000
2023,常规批第3次,普通类,E674,资阳环境科技职业学院,10,环境管理与评价,不限,,3,5,11000
2023,常规批第3次,普通类,E674,资阳环境科技职业学院,11,水环境智能监测与治理,不限,,3,4,11000
2023,常规批第3次,普通类,E674,资阳环境科技职业学院,21,数字媒体技术,不限,,3,3,11000
2023,常规批第3次,普通类,E674,资阳环境科技职业学院,28,工业机器人技术,不限,,3,10,11000
2023,常规批第3次,普通类,E674,资阳环境科技职业学院,33,大数据与会计,不限,,3,11,11000
2023,常规批第3次,普通类,E674,资阳环境科技职业学院,34,高速铁路客运服务,不限,,3,11,11000
2023,常规批第3次,普通类,E674,资阳环境科技职业学院,35,电子商务,不限,,3,15,11000
2023,常规批第3次,普通类,E674,资阳环境科技职业学院,36,旅游管理,不限,,3,5,10000
2023,常规批第3次,普通类,E674,资阳环境科技职业学院,37,中小企业创业与经营,不限,,3,4,10000
2023,常规批第3次,普通类,E674,资阳环境科技职业学院,65,食品质量与安全,不限,,3,1,11000
2023,常规批第3次,普通类,E674,资阳环境科技职业学院,67,婴幼儿托育服务与管理,不限,,3,20,10000
2023,常规批第3次,普通类,E701,长春早期教育职业学院,04,舞蹈教育(师范类),不限,,3,15,13600
2023,常规批第3次,普通类,E701,长春早期教育职业学院,05,婴幼儿托育服务与管理,不限,,3,4,13600
2023,常规批第3次,普通类,E710,潍坊环境工程职业学院,63,空中乘务（须面试合格方可报考）,不限,,3,59,8800
2023,常规批第3次,普通类,E727,重庆健康职业学院,02,药品经营与管理,不限,,3,5,10500
2023,常规批第3次,普通类,E727,重庆健康职业学院,04,婴幼儿托育服务与管理,不限,,3,8,11000
2023,常规批第3次,普通类,E727,重庆健康职业学院,0A,人工智能技术应用,不限,,3,2,10500
2023,常规批第3次,普通类,E731,德阳农业科技职业学院,02,消防救援技术,不限,,3,1,15700
2023,常规批第3次,普通类,E731,德阳农业科技职业学院,06,研学旅行管理与服务,不限,,3,2,15700
2023,常规批第3次,普通类,E731,德阳农业科技职业学院,65,农村新型经济组织管理,不限,,3,2,15700
2023,常规批第3次,普通类,E765,北海康养职业学院,0B,学前教育(师范类),不限,,3,2,9000
2023,常规批第3次,普通类,E768,自贡职业技术学院,02,无人机应用技术(无人机航测应用技术),不限,,3,4,13000
2023,常规批第3次,普通类,E768,自贡职业技术学院,05,民航运输服务(民航空中旅客运输服务),不限,,3,10,12000
2023,常规批第3次,普通类,E768,自贡职业技术学院,08,应急救援技术(消防应急救援与安全管理),不限,,3,10,12000
2023,常规批第3次,普通类,E768,自贡职业技术学院,25,助产,不限,,3,10,12000
2023,常规批第3次,普通类,E772,白银希望职业技术学院,09,人工智能技术应用,不限,,3,2,9800
2023,常规批第3次,普通类,E829,海南比勒费尔德应用科学大学,02,计算机科学与技术（1.外语语种限英语。2.单科物理成绩和单科英语成绩不低于满分的65%）（要求考生高考成绩不低于488分）（本科）,物理,,4,4,80000
2023,提前批第2次,普通类,A059,中国民航大学,22,飞行技术（仅我校面试合格考生方可报考，英语成绩不低于95分。招收本校留教学员，工作单位：中国民航大学飞行分校内蒙古飞行学院，工作地点：内蒙古。）（新增计划）,物理或化学,,4,2,5800
2023,提前批第2次,普通类,A223,黑龙江八一农垦大学,B6,飞行技术（该专业使用英语授课）,物理或化学,,4,1,5000
2023,提前批第2次,普通类,A449,滨州学院,47,飞行技术(通航方向，需面试、体检、背景调查均合格)（因学校培养需要，安排英语语种教学，其他语种慎报）,物理或化学,,4,10,10000
2023,提前批第2次,普通类,A449,滨州学院,90,定翼机驾驶技术(需面试、体检、背景调查均合格)（因学校培养需要，安排英语语种教学。其他语种慎报。）（专科）,不限,,3,10,5500
2023,提前批第2次,普通类,A652,西南政法大学,01,侦查学（公安（武警）类，只招男生，要求双眼裸眼视力4.7及以上，其他录取条件参照教育部、司法部、教学司[2003]16号文件及我校招生章程。我校不单独组织体测面试，高考文化成绩须不低于520分。）,思想政治,,4,3,5600
2023,提前批第2次,普通类,A858,北京电子科技职业学院,37,大数据技术(定向培养军士生)（与战略支援部队合作培养，只招女生）（专科）,物理,,3,1,6000
2023,提前批第2次,普通类,B324,山东警察学院,3R,公安情报学(面向全省男生),思想政治,,4,1,5060
2023,提前批第2次,普通类,B510,山东交通学院,44,飞行技术（只招男生，民航招飞体检合格方可报考）,物理或化学,,4,16,9100
2023,提前批第2次,普通类,C679,江苏海事职业技术学院,71,航海技术(定向培养军士生)（与武警联合培养，要求水面舰艇合格，只招男生）（专科）,不限,,3,2,5300
2023,提前批第2次,普通类,C679,江苏海事职业技术学院,72,船舶电子电气技术(定向培养军士生)（与武警联合培养，要求水面舰艇合格，只招男生）（专科）,不限,,3,1,5300
2023,提前批第2次,普通类,F404,上海纽约大学,03,理科试验班(综合评价招生)（(金融学)(面试合格方可报考；入学后自由选择专业；第一、二学年学费20万元/年，第三、四学年学费23万元/年；录取规则见招生章程)）,不限,,4,1,
2023,提前批第2次,普通类,P011,陆军防化学院,02,作战指挥(防化分队指挥)（男，军事(指挥)类，防化岗位合格，特殊类型招生控制线，英语）,物理或化学,,4,1,
2023,提前批第2次,普通类,P016,海军工程大学,15,轮机工程(舰艇机电指挥)（男，军事(指挥)类，舰艇岗位合格，特殊类型招生控制线，英语）,物理,,4,1,
2023,提前批第2次,普通类,P026,空军预警学院,03,网电指挥与工程(电子对抗技术与指挥)（男，军事(指挥)类，电子对抗岗位合格，特殊类型招生控制线，英语）,物理,,4,1,
2023,提前批第2次,普通类,P026,空军预警学院,04,无人系统工程(无人机运用与指挥)（男，军事(指挥)类，通用标准合格，特殊类型招生控制线，英语）,物理,,4,8,
2023,提前批第2次,普通类,P030,空军军医大学,14,临床医学(临床通科医师)（男，军事(非指挥)类，医疗卫生岗位合格，特殊类型招生控制线，英语）,化学和生物,,5,4,
2023,提前批第2次,普通类,P030,空军军医大学,19,预防医学(公共卫生医师)（男，军事(非指挥)类，医疗卫生岗位合格，特殊类型招生控制线，英语）,化学和生物,,5,1,
2023,提前批第2次,普通类,P041,武警特种警察学院,01,作战指挥(武警特种作战指挥)（男，军事(指挥)类，特种作战岗位合格，特殊类型招生控制线，英语）,物理或生物或思想政治,,4,22,
2023,提前批第2次,普通类,P041,武警特种警察学院,02,侦察情报(武警侦察指挥)（男，军事(指挥)类，特种作战岗位合格，特殊类型招生控制线，英语）,物理或生物或思想政治,,4,1,
2023,提前批第2次,普通类,Y006,山东师范大学,02,学前教育(师范类，综合评价招生),不限,,4,5,5280
2023,提前批第2次,普通类,Y006,山东师范大学,11,旅游管理(综合评价招生),不限,,4,1,6600
2023,高职注册入学,普通类,A444,菏泽医学专科学校,03,护理,不限,,3,80,7200
2023,高职注册入学,普通类,A444,菏泽医学专科学校,05,助产（仅招收女生）,不限,,3,20,7200
2023,高职注册入学,普通类,A444,菏泽医学专科学校,07,中药学,不限,,3,15,6600
2023,高职注册入学,普通类,A444,菏泽医学专科学校,09,中医康复技术,不限,,3,10,7200
2023,高职注册入学,普通类,A444,菏泽医学专科学校,10,医学影像技术,不限,,3,10,6600
2023,高职注册入学,普通类,A444,菏泽医学专科学校,11,眼视光技术,不限,,3,30,6600
2023,高职注册入学,普通类,A444,菏泽医学专科学校,12,康复治疗技术,不限,,3,30,7500
2023,高职注册入学,普通类,A444,菏泽医学专科学校,16,药品生产技术,不限,,3,15,5500
2023,高职注册入学,普通类,A444,菏泽医学专科学校,17,药品经营与管理,不限,,3,15,5500
2023,高职注册入学,普通类,A444,菏泽医学专科学校,20,老年保健与管理,不限,,3,15,7500
2023,高职注册入学,普通类,A444,菏泽医学专科学校,21,智慧健康养老服务与管理,不限,,3,10,6000
2023,高职注册入学,普通类,A444,菏泽医学专科学校,22,医学营养,不限,,3,5,6600
2023,高职注册入学,普通类,A444,菏泽医学专科学校,23,健康管理,不限,,3,35,7500
2023,高职注册入学,普通类,C070,曲阜远东职业技术学院,C1,建筑设计,不限,,3,2,8980
2023,高职注册入学,普通类,C070,曲阜远东职业技术学院,C2,古建筑工程技术,不限,,3,2,8180
2023,高职注册入学,普通类,C070,曲阜远东职业技术学院,C3,工程造价,不限,,3,12,8180
2023,高职注册入学,普通类,C070,曲阜远东职业技术学院,C4,房地产经营与管理,不限,,3,8,8180
2023,高职注册入学,普通类,C070,曲阜远东职业技术学院,C5,电气自动化技术,不限,,3,21,8180
2023,高职注册入学,普通类,C070,曲阜远东职业技术学院,C6,轨道交通通信信号设备制造与维护,不限,,3,16,8180
2023,高职注册入学,普通类,C070,曲阜远东职业技术学院,C7,无人机应用技术,不限,,3,6,8180
2023,高职注册入学,普通类,C070,曲阜远东职业技术学院,C8,新能源汽车技术,不限,,3,10,8180
2023,高职注册入学,普通类,C070,曲阜远东职业技术学院,C9,汽车电子技术,不限,,3,3,8180
2023,高职注册入学,普通类,C070,曲阜远东职业技术学院,D1,高速铁路客运服务,不限,,3,15,8180
2023,高职注册入学,普通类,C070,曲阜远东职业技术学院,D2,空中乘务,不限,,3,13,8180
2023,高职注册入学,普通类,C070,曲阜远东职业技术学院,D3,应用电子技术,不限,,3,2,8180
2023,高职注册入学,普通类,C070,曲阜远东职业技术学院,D4,计算机应用技术,不限,,3,13,8180
2023,高职注册入学,普通类,C070,曲阜远东职业技术学院,D5,计算机网络技术,不限,,3,2,8180
2023,高职注册入学,普通类,C070,曲阜远东职业技术学院,D7,现代通信技术,不限,,3,2,8180
2023,高职注册入学,普通类,C070,曲阜远东职业技术学院,D8,数据中心运行与管理,不限,,3,2,8180
2023,高职注册入学,普通类,C070,曲阜远东职业技术学院,D9,护理,不限,,3,45,9880
2023,高职注册入学,普通类,C070,曲阜远东职业技术学院,E2,药学,不限,,3,4,8180
2023,高职注册入学,普通类,C070,曲阜远东职业技术学院,E3,中药学,不限,,3,15,8180
2023,高职注册入学,普通类,C070,曲阜远东职业技术学院,E4,中医康复技术,不限,,3,12,8180
2023,高职注册入学,普通类,C070,曲阜远东职业技术学院,E5,医学检验技术,不限,,3,12,8180
2023,高职注册入学,普通类,C070,曲阜远东职业技术学院,E6,口腔医学技术,不限,,3,17,8180
2023,高职注册入学,普通类,C070,曲阜远东职业技术学院,E7,康复治疗技术,不限,,3,12,8180
2023,高职注册入学,普通类,C070,曲阜远东职业技术学院,E8,健康管理,不限,,3,4,8180
2023,高职注册入学,普通类,C070,曲阜远东职业技术学院,E9,婴幼儿托育服务与管理,不限,,3,5,8180
2023,高职注册入学,普通类,C070,曲阜远东职业技术学院,F1,口腔卫生保健,不限,,3,2,8180
2023,高职注册入学,普通类,C070,曲阜远东职业技术学院,F2,财政支出绩效管理,不限,,3,10,8180
2023,高职注册入学,普通类,C070,曲阜远东职业技术学院,F3,金融服务与管理,不限,,3,12,8180
2023,高职注册入学,普通类,C070,曲阜远东职业技术学院,F4,大数据与会计,不限,,3,40,8180
2023,高职注册入学,普通类,C070,曲阜远东职业技术学院,F5,工商企业管理,不限,,3,12,8180
2023,高职注册入学,普通类,C070,曲阜远东职业技术学院,F6,市场营销,不限,,3,12,8180
2023,高职注册入学,普通类,C070,曲阜远东职业技术学院,F7,电子商务,不限,,3,52,8180
2023,高职注册入学,普通类,C070,曲阜远东职业技术学院,F8,网络营销与直播电商,不限,,3,5,8180
2023,高职注册入学,普通类,C070,曲阜远东职业技术学院,F9,旅游管理,不限,,3,13,8180
2023,高职注册入学,普通类,C070,曲阜远东职业技术学院,G1,数字媒体艺术设计,不限,,3,14,8980
2023,高职注册入学,普通类,C070,曲阜远东职业技术学院,G2,环境艺术设计,不限,,3,2,8980
2023,高职注册入学,普通类,C070,曲阜远东职业技术学院,G3,书画艺术,不限,,3,4,8980
2023,高职注册入学,普通类,C070,曲阜远东职业技术学院,G4,动漫设计,不限,,3,2,8980
2023,高职注册入学,普通类,C070,曲阜远东职业技术学院,G5,雕刻艺术设计,不限,,3,2,8980
2023,高职注册入学,普通类,C070,曲阜远东职业技术学院,G6,音乐表演,不限,,3,10,8980
2023,高职注册入学,普通类,C070,曲阜远东职业技术学院,G7,舞蹈表演,不限,,3,8,8980
2023,高职注册入学,普通类,C070,曲阜远东职业技术学院,G8,表演艺术,不限,,3,2,8980
2023,高职注册入学,普通类,C070,曲阜远东职业技术学院,H1,播音与主持,不限,,3,15,8980
2023,高职注册入学,普通类,C070,曲阜远东职业技术学院,H2,融媒体技术与运营,不限,,3,6,8180
2023,高职注册入学,普通类,C070,曲阜远东职业技术学院,H3,网络直播与运营,不限,,3,2,8180
2023,高职注册入学,普通类,C070,曲阜远东职业技术学院,H4,早期教育,不限,,3,5,8980
2023,高职注册入学,普通类,C070,曲阜远东职业技术学院,H5,中文,不限,,3,3,8180
2023,高职注册入学,普通类,C070,曲阜远东职业技术学院,H6,电子竞技运动与管理,不限,,3,2,8180
2023,高职注册入学,普通类,C070,曲阜远东职业技术学院,H7,社区管理与服务,不限,,3,6,8180
2023,高职注册入学,普通类,C070,曲阜远东职业技术学院,J5,数字媒体艺术设计(校企合作，与山东文旅传媒集团有限公司合作),不限,,3,6,11980
2023,高职注册入学,普通类,C070,曲阜远东职业技术学院,J6,书画艺术(校企合作，与山东文旅传媒集团有限公司合作),不限,,3,27,11980
2023,高职注册入学,普通类,C070,曲阜远东职业技术学院,J7,动漫设计(校企合作，与山东文旅传媒集团有限公司合作),不限,,3,3,11980
2023,高职注册入学,普通类,C070,曲阜远东职业技术学院,J8,旅游管理(校企合作，与山东文旅传媒集团有限公司合作),不限,,3,13,11180
2023,高职注册入学,普通类,C070,曲阜远东职业技术学院,J9,网络营销与直播电商(校企合作，与山东文旅传媒集团有限公司合作),不限,,3,10,11180
2023,高职注册入学,普通类,C070,曲阜远东职业技术学院,K1,无人机应用技术(校企合作，与山东文旅传媒集团有限公司合作),不限,,3,8,11180
2023,高职注册入学,普通类,C070,曲阜远东职业技术学院,K5,应用电子技术(校企合作，与青岛海尔制冷电器有限公司合作),不限,,3,19,12180
2023,高职注册入学,普通类,C070,曲阜远东职业技术学院,K6,电气自动化技术(校企合作，与青岛海尔制冷电器有限公司合作),不限,,3,26,12180
2023,高职注册入学,普通类,C070,曲阜远东职业技术学院,K7,现代通信技术(校企合作，与青岛海尔制冷电器有限公司合作),不限,,3,30,12180
2023,高职注册入学,普通类,C070,曲阜远东职业技术学院,K8,软件技术(校企合作，与青岛海尔制冷电器有限公司合作),不限,,3,34,12180
2023,高职注册入学,普通类,C842,德州科技职业学院,6G,机电一体化技术,不限,,3,15,8800
2023,高职注册入学,普通类,C842,德州科技职业学院,7C,计算机应用技术,不限,,3,25,8800
2023,高职注册入学,普通类,C842,德州科技职业学院,7Q,护理,不限,,3,30,9800
2023,高职注册入学,普通类,C842,德州科技职业学院,7T,医学影像技术,不限,,3,10,9800
2023,高职注册入学,普通类,C842,德州科技职业学院,8E,大数据与会计,不限,,3,10,8800
2023,高职注册入学,普通类,C842,德州科技职业学院,8F,电子商务,不限,,3,25,9800
2023,高职注册入学,普通类,C842,德州科技职业学院,8M,早期教育,不限,,3,25,9800
2023,高职注册入学,普通类,C844,山东力明科技职业学院,05,药品生物技术,不限,,3,24,16800
2023,高职注册入学,普通类,C844,山东力明科技职业学院,16,计算机应用技术,不限,,3,25,16800
2023,高职注册入学,普通类,C844,山东力明科技职业学院,17,计算机网络技术,不限,,3,25,16800
2023,高职注册入学,普通类,C844,山东力明科技职业学院,24,护理,不限,,3,45,16800
2023,高职注册入学,普通类,C844,山东力明科技职业学院,26,药学,不限,,3,25,16800
2023,高职注册入学,普通类,C844,山东力明科技职业学院,29,中药学,不限,,3,25,16800
2023,高职注册入学,普通类,C844,山东力明科技职业学院,30,中医康复技术,不限,,3,20,16800
2023,高职注册入学,普通类,C844,山东力明科技职业学院,31,医学检验技术,不限,,3,30,16800
2023,高职注册入学,普通类,C844,山东力明科技职业学院,32,医学影像技术,不限,,3,30,16800
2023,高职注册入学,普通类,C844,山东力明科技职业学院,40,眼视光技术,不限,,3,15,16800
2023,高职注册入学,普通类,C844,山东力明科技职业学院,41,视觉训练与康复,不限,,3,15,16800
2023,高职注册入学,普通类,C844,山东力明科技职业学院,43,大数据与会计,不限,,3,20,16800
2023,高职注册入学,普通类,C844,山东力明科技职业学院,45,电子商务,不限,,3,80,16800
2023,高职注册入学,普通类,C844,山东力明科技职业学院,48,研学旅行管理与服务,不限,,3,20,16800
2023,高职注册入学,普通类,C844,山东力明科技职业学院,58,文物修复与保护,不限,,3,35,16800
2023,高职注册入学,普通类,C844,山东力明科技职业学院,62,早期教育,不限,,3,15,16800
2023,高职注册入学,普通类,C945,山东圣翰财贸职业学院,1L,智慧健康养老服务与管理,不限,,3,3,9600
2023,高职注册入学,普通类,C946,山东水利职业学院,02,治河与航道工程技术,不限,,3,4,5500
2023,高职注册入学,普通类,C946,山东水利职业学院,03,高速铁路施工与维护,不限,,3,3,5500
2023,高职注册入学,普通类,C946,山东水利职业学院,06,摄影测量与遥感技术,不限,,3,5,5500
2023,高职注册入学,普通类,C946,山东水利职业学院,08,建设工程监理,不限,,3,10,5500
2023,高职注册入学,普通类,C946,山东水利职业学院,09,装配式建筑工程技术,不限,,3,5,5500
2023,高职注册入学,普通类,C946,山东水利职业学院,0F,土木工程检测技术,不限,,3,10,5500
2023,高职注册入学,普通类,C946,山东水利职业学院,10,建筑装饰工程技术,不限,,3,5,5500
2023,高职注册入学,普通类,C946,山东水利职业学院,11,水文与水资源技术,不限,,3,24,5500
2023,高职注册入学,普通类,C946,山东水利职业学院,16,园林工程技术,不限,,3,10,5500
2023,高职注册入学,普通类,C946,山东水利职业学院,1B,智能水务管理,不限,,3,5,5500
2023,高职注册入学,普通类,C946,山东水利职业学院,21,机械制造及自动化,不限,,3,20,5500
2023,高职注册入学,普通类,C946,山东水利职业学院,22,数字化设计与制造技术,不限,,3,20,5500
2023,高职注册入学,普通类,C946,山东水利职业学院,23,汽车检测与维修技术,不限,,3,15,5500
2023,高职注册入学,普通类,C946,山东水利职业学院,29,金融服务与管理,不限,,3,10,5280
2023,高职注册入学,普通类,C946,山东水利职业学院,2F,现代通信技术,不限,,3,3,5500
2023,高职注册入学,普通类,C946,山东水利职业学院,30,财富管理,不限,,3,20,5280
2023,高职注册入学,普通类,C946,山东水利职业学院,32,酒店管理与数字化运营,不限,,3,20,5280
2023,高职注册入学,普通类,C946,山东水利职业学院,33,现代物流管理,不限,,3,5,5280
2023,高职注册入学,普通类,C946,山东水利职业学院,38,旅游管理,不限,,3,5,5280
2023,高职注册入学,普通类,C946,山东水利职业学院,39,商务英语（外语语种为英语）,不限,,3,10,5280
2023,高职注册入学,普通类,C946,山东水利职业学院,F1,摄影测量与遥感技术(校企合作，与广州南方测绘科技股份有限公司合作),不限,,3,4,8800
2023,高职注册入学,普通类,D006,山东英才学院,A4,现代物流管理,不限,,3,5,16000
2023,高职注册入学,普通类,D006,山东英才学院,A5,电子商务,不限,,3,10,16000
2023,高职注册入学,普通类,D006,山东英才学院,A8,动漫制作技术,不限,,3,10,18000
2023,高职注册入学,普通类,D006,山东英才学院,B5,大数据与会计,不限,,3,10,16000
2023,高职注册入学,普通类,D006,山东英才学院,B9,护理,不限,,3,60,14000
2023,高职注册入学,普通类,D006,山东英才学院,C4,计算机网络技术,不限,,3,20,16000
2023,高职注册入学,普通类,D006,山东英才学院,C6,计算机应用技术,不限,,3,10,16000
2023,高职注册入学,普通类,D006,山东英才学院,D2,应用英语(外语语种为英语),不限,,3,10,14000
2023,高职注册入学,普通类,D006,山东英才学院,D7,旅游管理,不限,,3,5,16000
2023,高职注册入学,普通类,D006,山东英才学院,E2,早期教育,不限,,3,60,18000
2023,高职注册入学,普通类,D007,东营科技职业学院,C1,电子商务,不限,,3,10,6700
2023,高职注册入学,普通类,D007,东营科技职业学院,D0,石油化工技术,不限,,3,30,6900
2023,高职注册入学,普通类,D007,东营科技职业学院,D1,应用化工技术,不限,,3,10,6900
2023,高职注册入学,普通类,D007,东营科技职业学院,D8,高分子材料智能制造技术,不限,,3,10,6900
2023,高职注册入学,普通类,D007,东营科技职业学院,E2,机电一体化技术,不限,,3,20,6900
2023,高职注册入学,普通类,D007,东营科技职业学院,W4,石油化工技术(中外合作办学)(与俄罗斯萨马拉国立技术大学合作),不限,,3,10,15000
2023,高职注册入学,普通类,D007,东营科技职业学院,W5,机械制造及自动化(中外合作办学)(与俄罗斯萨马拉国立技术大学合作),不限,,3,10,15000
2023,高职注册入学,普通类,D015,青岛恒星科技学院,34,电气自动化技术,不限,,3,9,12800
2023,高职注册入学,普通类,D015,青岛恒星科技学院,35,机电一体化技术,不限,,3,9,12800
2023,高职注册入学,普通类,D015,青岛恒星科技学院,36,汽车检测与维修技术,不限,,3,5,10800
2023,高职注册入学,普通类,D015,青岛恒星科技学院,37,应用电子技术,不限,,3,10,16800
2023,高职注册入学,普通类,D015,青岛恒星科技学院,38,电子产品检测技术,不限,,3,10,10800
2023,高职注册入学,普通类,D015,青岛恒星科技学院,39,汽车技术服务与营销,不限,,3,4,10800
2023,高职注册入学,普通类,D015,青岛恒星科技学院,3A,计算机网络技术,不限,,3,5,12800
2023,高职注册入学,普通类,D015,青岛恒星科技学院,3B,大数据技术,不限,,3,5,16800
2023,高职注册入学,普通类,D015,青岛恒星科技学院,3C,软件技术,不限,,3,4,12800
2023,高职注册入学,普通类,D015,青岛恒星科技学院,3H,电子商务,不限,,3,26,12800
2023,高职注册入学,普通类,D015,青岛恒星科技学院,3J,国际经济与贸易,不限,,3,27,10800
2023,高职注册入学,普通类,D015,青岛恒星科技学院,3K,关务与外贸服务,不限,,3,24,10800
2023,高职注册入学,普通类,D015,青岛恒星科技学院,3L,现代物流管理,不限,,3,20,12800
2023,高职注册入学,普通类,D015,青岛恒星科技学院,3M,市场营销,不限,,3,15,10800
2023,高职注册入学,普通类,D015,青岛恒星科技学院,3N,连锁经营与管理,不限,,3,27,16800
2023,高职注册入学,普通类,D015,青岛恒星科技学院,3P,金融服务与管理,不限,,3,20,12800
2023,高职注册入学,普通类,D015,青岛恒星科技学院,3Q,大数据与会计,不限,,3,10,12800
2023,高职注册入学,普通类,D015,青岛恒星科技学院,3R,空中乘务,不限,,3,14,12800
2023,高职注册入学,普通类,D015,青岛恒星科技学院,3S,旅游管理,不限,,3,25,12800
2023,高职注册入学,普通类,D015,青岛恒星科技学院,3T,烹饪工艺与营养,不限,,3,29,10800
2023,高职注册入学,普通类,D015,青岛恒星科技学院,3W,学前教育(师范类),不限,,3,6,16800
2023,高职注册入学,普通类,D015,青岛恒星科技学院,3X,早期教育,不限,,3,20,10800
2023,高职注册入学,普通类,D015,青岛恒星科技学院,3Y,婴幼儿托育服务与管理,不限,,3,10,12800
2023,高职注册入学,普通类,D015,青岛恒星科技学院,3Z,护理,不限,,3,5,16800
2023,高职注册入学,普通类,D015,青岛恒星科技学院,40,中医康复技术,不限,,3,5,10800
2023,高职注册入学,普通类,D015,青岛恒星科技学院,41,健康管理,不限,,3,15,16800
2023,高职注册入学,普通类,D015,青岛恒星科技学院,42,智慧健康养老服务与管理,不限,,3,25,10800
2023,高职注册入学,普通类,D015,青岛恒星科技学院,43,包装策划与设计,不限,,3,22,10800
2023,高职注册入学,普通类,D015,青岛恒星科技学院,4C,工程造价,不限,,3,5,16800
2023,高职注册入学,普通类,D015,青岛恒星科技学院,4R,建筑工程技术,不限,,3,10,12800
2023,高职注册入学,普通类,D015,青岛恒星科技学院,5B,建筑室内设计,不限,,3,24,12800
2023,高职注册入学,普通类,D015,青岛恒星科技学院,5C,建筑消防技术,不限,,3,10,12800
2023,高职注册入学,普通类,D015,青岛恒星科技学院,5T,应用韩语,不限,,3,19,10800
2023,高职注册入学,普通类,D015,青岛恒星科技学院,69,应用日语(校企合作，与青岛国合对外经济技术合作有限公司合作),不限,,3,20,12800
2023,高职注册入学,普通类,D319,山东化工职业学院,1C,精细化工技术,不限,,3,43,7800
2023,高职注册入学,普通类,D319,山东化工职业学院,1D,石油化工技术,不限,,3,26,7800
2023,高职注册入学,普通类,D319,山东化工职业学院,2A,电气自动化技术,不限,,3,22,7800
2023,高职注册入学,普通类,D319,山东化工职业学院,3F,电子商务,不限,,3,22,7800
2023,高职注册入学,普通类,D319,山东化工职业学院,4E,计算机应用技术,不限,,3,22,6800
2023,高职注册入学,普通类,D319,山东化工职业学院,5A,高速铁路客运服务,不限,,3,16,10400
2023,高职注册入学,普通类,D321,青岛求实职业技术学院,01,空中乘务,不限,,3,10,10600
2023,高职注册入学,普通类,D321,青岛求实职业技术学院,03,护理,不限,,3,20,11800
2023,高职注册入学,普通类,D321,青岛求实职业技术学院,05,机电一体化技术,不限,,3,10,9400
2023,高职注册入学,普通类,D321,青岛求实职业技术学院,07,无人机应用技术,不限,,3,15,9400
2023,高职注册入学,普通类,D321,青岛求实职业技术学院,08,园林技术,不限,,3,10,9400
2023,高职注册入学,普通类,D321,青岛求实职业技术学院,11,工程造价,不限,,3,15,9400
2023,高职注册入学,普通类,D321,青岛求实职业技术学院,14,烹饪工艺与营养,不限,,3,10,9400
2023,高职注册入学,普通类,D321,青岛求实职业技术学院,16,新能源汽车技术,不限,,3,5,9400
2023,高职注册入学,普通类,D321,青岛求实职业技术学院,19,电子商务,不限,,3,10,9400
2023,高职注册入学,普通类,D321,青岛求实职业技术学院,22,商务英语,不限,,3,20,9400
2023,高职注册入学,普通类,D321,青岛求实职业技术学院,23,计算机应用技术,不限,,3,20,9400
2023,高职注册入学,普通类,D321,青岛求实职业技术学院,29,药学,不限,,3,15,9800
2023,高职注册入学,普通类,D321,青岛求实职业技术学院,34,医学美容技术,不限,,3,11,9800
2023,高职注册入学,普通类,D321,青岛求实职业技术学院,36,数字媒体艺术设计,不限,,3,12,9600
2023,高职注册入学,普通类,D321,青岛求实职业技术学院,38,电子商务(中外合作办学)（与美国汉弗莱斯大学合作）,不限,,3,45,20000
2023,高职注册入学,普通类,D324,山东协和学院,53,护理,不限,,3,2,12800
2023,高职注册入学,普通类,D324,山东协和学院,55,医学检验技术,不限,,3,2,12500
2023,高职注册入学,普通类,D324,山东协和学院,56,医学影像技术,不限,,3,2,12500
2023,高职注册入学,普通类,D356,山东工程职业技术大学,04,建筑工程技术,不限,,3,10,12800
2023,高职注册入学,普通类,D356,山东工程职业技术大学,06,建筑装饰工程技术,不限,,3,20,12800
2023,高职注册入学,普通类,D356,山东工程职业技术大学,12,大数据与会计,不限,,3,50,12800
2023,高职注册入学,普通类,D356,山东工程职业技术大学,13,工商企业管理,不限,,3,30,12800
2023,高职注册入学,普通类,D356,山东工程职业技术大学,24,口腔医学技术（北校区）,不限,,3,45,12800
2023,高职注册入学,普通类,D356,山东工程职业技术大学,25,康复治疗技术（北校区）,不限,,3,58,12800
2023,高职注册入学,普通类,D356,山东工程职业技术大学,26,工程造价,不限,,3,10,12800
2023,高职注册入学,普通类,D356,山东工程职业技术大学,33,汽车检测与维修技术,不限,,3,10,12800
2023,高职注册入学,普通类,D356,山东工程职业技术大学,35,城市轨道交通运营管理,不限,,3,10,12800
2023,高职注册入学,普通类,D356,山东工程职业技术大学,41,健康大数据管理与服务（北校区）,不限,,3,55,12800
2023,高职注册入学,普通类,D387,山东外国语职业技术大学,1C,建筑工程技术,不限,,3,10,10200
2023,高职注册入学,普通类,D387,山东外国语职业技术大学,1D,工程造价,不限,,3,10,10200
2023,高职注册入学,普通类,D387,山东外国语职业技术大学,1H,空中乘务,不限,,3,10,11600
2023,高职注册入学,普通类,D387,山东外国语职业技术大学,1N,金融服务与管理,不限,,3,10,9800
2023,高职注册入学,普通类,D387,山东外国语职业技术大学,37,应用法语,不限,,3,5,9800
2023,高职注册入学,普通类,D387,山东外国语职业技术大学,39,应用德语,不限,,3,5,9800
2023,高职注册入学,普通类,D388,潍坊工商职业学院,A2,数控技术,不限,,3,10,7800
2023,高职注册入学,普通类,D388,潍坊工商职业学院,A3,机械制造及自动化,不限,,3,10,7800
2023,高职注册入学,普通类,D388,潍坊工商职业学院,F1,生态农业技术,不限,,3,10,6900
2023,高职注册入学,普通类,D388,潍坊工商职业学院,F2,休闲农业经营与管理,不限,,3,10,6900
2023,高职注册入学,普通类,D388,潍坊工商职业学院,F3,现代农业经济管理,不限,,3,10,6900
2023,高职注册入学,普通类,D388,潍坊工商职业学院,F4,畜牧兽医,不限,,3,20,6900
2023,高职注册入学,普通类,D388,潍坊工商职业学院,F8,餐饮智能管理,不限,,3,20,6900
2023,高职注册入学,普通类,D388,潍坊工商职业学院,G6,建设工程监理,不限,,3,10,7800
2023,高职注册入学,普通类,D388,潍坊工商职业学院,V1,学前教育(师范类),不限,,3,20,8800
2023,高职注册入学,普通类,D388,潍坊工商职业学院,V2,婴幼儿托育服务与管理,不限,,3,10,7800
2023,高职注册入学,普通类,D388,潍坊工商职业学院,V3,服装设计与工艺,不限,,3,10,6900
2023,高职注册入学,普通类,D388,潍坊工商职业学院,H2,民航安全技术管理(校企合作，与山东新锐通用航空有限公司合作),不限,,3,10,13200
2023,高职注册入学,普通类,D388,潍坊工商职业学院,H3,通用航空器维修(校企合作，与山东新锐通用航空有限公司合作),不限,,3,10,13200
2023,高职注册入学,普通类,D388,潍坊工商职业学院,H4,通用航空航务技术(校企合作，与山东新锐通用航空有限公司合作),不限,,3,17,13200
2023,高职注册入学,普通类,D388,潍坊工商职业学院,H6,大数据与会计(校企合作，与潍坊辰思文化教育咨询有限公司合作),不限,,3,15,15000
2023,高职注册入学,普通类,D388,潍坊工商职业学院,H7,金融服务与管理(校企合作，与潍坊辰思文化教育咨询有限公司合作),不限,,3,10,15000
2023,高职注册入学,普通类,D388,潍坊工商职业学院,P4,婴幼儿托育服务与管理(校企合作，与潍坊辰思文化教育咨询有限公司合,不限,,3,5,15000
2023,高职注册入学,普通类,D388,潍坊工商职业学院,P8,计算机应用技术(校企合作，与潍坊辰思文化教育咨询有限公司合作),不限,,3,15,15000
2023,高职注册入学,普通类,D390,枣庄科技职业学院,A4,矿山机电与智能装备,不限,,3,8,5000
2023,高职注册入学,普通类,D624,泰山科技学院,51,计算机应用技术,不限,,3,8,19800
2023,高职注册入学,普通类,D624,泰山科技学院,52,计算机网络技术,不限,,3,9,19800
2023,高职注册入学,普通类,D624,泰山科技学院,53,大数据技术,不限,,3,8,19800
2023,高职注册入学,普通类,D624,泰山科技学院,54,虚拟现实技术应用,不限,,3,9,19800
2023,高职注册入学,普通类,D624,泰山科技学院,55,软件技术,不限,,3,9,19800
2023,高职注册入学,普通类,D624,泰山科技学院,56,机械制造及自动化,不限,,3,9,19800
2023,高职注册入学,普通类,D624,泰山科技学院,57,机电一体化技术,不限,,3,9,19800
2023,高职注册入学,普通类,D624,泰山科技学院,58,电气自动化技术,不限,,3,9,19800
2023,高职注册入学,普通类,D624,泰山科技学院,60,智能机器人技术,不限,,3,7,19800
2023,高职注册入学,普通类,D624,泰山科技学院,61,智能控制技术,不限,,3,10,19800
2023,高职注册入学,普通类,D624,泰山科技学院,62,智能网联汽车技术,不限,,3,6,19800
2023,高职注册入学,普通类,D624,泰山科技学院,63,建筑工程技术,不限,,3,9,19800
2023,高职注册入学,普通类,D624,泰山科技学院,64,智能建造技术,不限,,3,9,19800
2023,高职注册入学,普通类,D624,泰山科技学院,65,工程造价,不限,,3,9,19800
2023,高职注册入学,普通类,D624,泰山科技学院,66,市政工程技术,不限,,3,9,19800
2023,高职注册入学,普通类,D624,泰山科技学院,67,智能互联网络技术,不限,,3,10,19800
2023,高职注册入学,普通类,D624,泰山科技学院,71,旅游管理,不限,,3,4,19800
2023,高职注册入学,普通类,D624,泰山科技学院,72,大数据与会计,不限,,3,8,19800
2023,高职注册入学,普通类,D624,泰山科技学院,73,国际经济与贸易,不限,,3,4,19800
2023,高职注册入学,普通类,D624,泰山科技学院,75,大数据与审计,不限,,3,9,19800
2023,高职注册入学,普通类,D624,泰山科技学院,76,大数据与财务管理,不限,,3,9,19800
2023,高职注册入学,普通类,D624,泰山科技学院,77,电子商务,不限,,3,5,19800
2023,高职注册入学,普通类,D624,泰山科技学院,78,法律事务,不限,,3,8,19800
2023,高职注册入学,普通类,D624,泰山科技学院,79,现代文秘,不限,,3,4,19800
2023,高职注册入学,普通类,D857,山东华宇工学院,31,建筑工程技术,不限,,3,7,9800
2023,高职注册入学,普通类,D857,山东华宇工学院,32,机械制造及自动化,不限,,3,10,9800
2023,高职注册入学,普通类,D857,山东华宇工学院,33,制冷与空调技术,不限,,3,45,9800
2023,高职注册入学,普通类,D857,山东华宇工学院,34,机电一体化技术,不限,,3,15,9800
2023,高职注册入学,普通类,D857,山东华宇工学院,35,汽车制造与试验技术,不限,,3,15,9800
2023,高职注册入学,普通类,D857,山东华宇工学院,36,计算机网络技术,不限,,3,10,9800
2023,高职注册入学,普通类,D857,山东华宇工学院,37,大数据与会计,不限,,3,10,9800
2023,高职注册入学,普通类,D857,山东华宇工学院,38,视觉传达设计,不限,,3,9,9800
2023,高职注册入学,普通类,D858,山东旅游职业学院,01,酒店管理与数字化运营,不限,,3,10,5000
2023,高职注册入学,普通类,D858,山东旅游职业学院,03,会展策划与管理,不限,,3,5,5000
2023,高职注册入学,普通类,D858,山东旅游职业学院,05,旅游管理,不限,,3,4,5000
2023,高职注册入学,普通类,D858,山东旅游职业学院,08,空中乘务（须面试合格方可报考）,不限,,3,5,8800
2023,高职注册入学,普通类,D858,山东旅游职业学院,09,现代物业管理,不限,,3,1,5000
2023,高职注册入学,普通类,D858,山东旅游职业学院,10,民航安全技术管理,不限,,3,4,5000
2023,高职注册入学,普通类,D858,山东旅游职业学院,11,烹饪工艺与营养,不限,,3,4,5000
2023,高职注册入学,普通类,D858,山东旅游职业学院,12,中西面点工艺,不限,,3,3,5000
2023,高职注册入学,普通类,D858,山东旅游职业学院,13,西式烹饪工艺,不限,,3,3,5000
2023,高职注册入学,普通类,D858,山东旅游职业学院,14,旅游英语,不限,,3,13,5000
2023,高职注册入学,普通类,D858,山东旅游职业学院,18,电子商务,不限,,3,7,5000
2023,高职注册入学,普通类,D858,山东旅游职业学院,20,市场营销,不限,,3,4,5000
2023,高职注册入学,普通类,D858,山东旅游职业学院,51,导游,不限,,3,5,5000
2023,高职注册入学,普通类,D858,山东旅游职业学院,63,酒店管理与数字化运营(中外合作办学)（与韩国尚志大学合作）,不限,,3,2,12000
2023,高职注册入学,普通类,D858,山东旅游职业学院,62,酒店管理与数字化运营(校企合作，与山东欧弛文化旅游发展有限公司合,不限,,3,3,5000
2023,高职注册入学,普通类,D858,山东旅游职业学院,65,餐饮智能管理(校企合作，与山东舜和酒店集团有限公司合作),不限,,3,1,5000
2023,高职注册入学,普通类,D858,山东旅游职业学院,66,大数据与会计(校企合作，与山东神州顺利办企业管理有限公司合作),不限,,3,6,8800
2023,高职注册入学,普通类,D859,山东铝业职业学院,16,有色金属智能冶金技术,不限,,3,17,8000
2023,高职注册入学,普通类,D859,山东铝业职业学院,76,空中乘务(校企合作，与威海华航教育咨询有限公司合作),不限,,3,5,10400
2023,高职注册入学,普通类,D874,山东外事职业大学,01,建筑装饰工程技术,不限,,3,20,9800
2023,高职注册入学,普通类,D874,山东外事职业大学,05,工程造价,不限,,3,20,9800
2023,高职注册入学,普通类,D874,山东外事职业大学,07,智能机电技术,不限,,3,30,9800
2023,高职注册入学,普通类,D874,山东外事职业大学,11,电子信息工程技术,不限,,3,20,9800
2023,高职注册入学,普通类,D874,山东外事职业大学,13,物联网应用技术,不限,,3,5,9800
2023,高职注册入学,普通类,D874,山东外事职业大学,15,计算机应用技术,不限,,3,10,9800
2023,高职注册入学,普通类,D874,山东外事职业大学,17,软件技术,不限,,3,5,9800
2023,高职注册入学,普通类,D874,山东外事职业大学,19,数字媒体技术,不限,,3,20,13600
2023,高职注册入学,普通类,D874,山东外事职业大学,23,动漫制作技术,不限,,3,20,13600
2023,高职注册入学,普通类,D874,山东外事职业大学,25,护理,不限,,3,30,13600
2023,高职注册入学,普通类,D874,山东外事职业大学,27,婴幼儿托育服务与管理,不限,,3,5,9800
2023,高职注册入学,普通类,D874,山东外事职业大学,31,大数据与会计,不限,,3,20,9800
2023,高职注册入学,普通类,D874,山东外事职业大学,33,国际经济与贸易,不限,,3,15,9800
2023,高职注册入学,普通类,D874,山东外事职业大学,35,工商企业管理,不限,,3,10,9800
2023,高职注册入学,普通类,D874,山东外事职业大学,37,市场营销,不限,,3,5,9800
2023,高职注册入学,普通类,D874,山东外事职业大学,39,电子商务,不限,,3,10,9800
2023,高职注册入学,普通类,D874,山东外事职业大学,41,现代物流管理,不限,,3,10,9800
2023,高职注册入学,普通类,D874,山东外事职业大学,45,视觉传达设计,不限,,3,20,13600
2023,高职注册入学,普通类,D874,山东外事职业大学,47,书画艺术,不限,,3,10,13600
2023,高职注册入学,普通类,D874,山东外事职业大学,49,商务英语（说明：办学地点为威海校区）,不限,,3,10,9800
2023,高职注册入学,普通类,D874,山东外事职业大学,55,体育艺术表演,不限,,3,3,13600
2023,高职注册入学,普通类,D874,山东外事职业大学,57,法律事务,不限,,3,22,9800
2023,高职注册入学,普通类,D874,山东外事职业大学,88,商务英语（说明：办学地点为济南校区）,不限,,3,20,9800
2023,高职注册入学,普通类,E000,潍坊理工学院,D1,现代文秘,不限,,3,20,9000
2023,高职注册入学,普通类,E000,潍坊理工学院,D2,融媒体技术与运营,不限,,3,10,9800
2023,高职注册入学,普通类,E000,潍坊理工学院,D3,动漫制作技术,不限,,3,15,9800
2023,高职注册入学,普通类,E000,潍坊理工学院,D4,智能控制技术,不限,,3,15,9800
2023,高职注册入学,普通类,E000,潍坊理工学院,D5,工业机器人技术,不限,,3,15,9800
2023,高职注册入学,普通类,E000,潍坊理工学院,D6,智能机器人技术,不限,,3,6,9800
2023,高职注册入学,普通类,E000,潍坊理工学院,D7,城市燃气工程技术,不限,,3,30,9800
2023,高职注册入学,普通类,E000,潍坊理工学院,D8,电气自动化技术,不限,,3,5,9800
2023,高职注册入学,普通类,E000,潍坊理工学院,D9,城市热能应用技术,不限,,3,10,9800
2023,高职注册入学,普通类,E000,潍坊理工学院,E1,药品生物技术,不限,,3,50,9800
2023,高职注册入学,普通类,E000,潍坊理工学院,E2,化妆品质量与安全,不限,,3,50,9800
2023,高职注册入学,普通类,E000,潍坊理工学院,E5,体育艺术表演,不限,,3,15,10800
2023,高职注册入学,普通类,E000,潍坊理工学院,F1,学前教育(师范类),不限,,3,8,10500
2023,高职注册入学,普通类,E000,潍坊理工学院,F3,党务工作,不限,,3,20,9000
2023,高职注册入学,普通类,E000,潍坊理工学院,F4,国际经济与贸易,不限,,3,60,9000
2023,高职注册入学,普通类,E000,潍坊理工学院,F5,电子商务,不限,,3,10,9000
2023,高职注册入学,普通类,E000,潍坊理工学院,F7,大数据与财务管理,不限,,3,11,9800
2023,高职注册入学,普通类,E000,潍坊理工学院,F8,大数据与会计,不限,,3,20,9800
2023,高职注册入学,普通类,E000,潍坊理工学院,G1,酒店管理与数字化运营,不限,,3,50,9000
2023,高职注册入学,普通类,E000,潍坊理工学院,G2,旅游管理,不限,,3,50,9000
2023,高职注册入学,普通类,E000,潍坊理工学院,F6,大数据与财务管理(校企合作，与山东百练创业服务有限公司合作),不限,,3,4,13000
2023,高职注册入学,普通类,E000,潍坊理工学院,G3,大数据技术(校企合作，与北京青苔数据科技有限公司合作),不限,,3,40,13000
2023,高职注册入学,普通类,E001,聊城大学东昌学院,51,工程造价,不限,,3,10,10000
2023,高职注册入学,普通类,E001,聊城大学东昌学院,52,大数据与会计,不限,,3,10,10000
2023,高职注册入学,普通类,E001,聊城大学东昌学院,53,学前教育(师范类),不限,,3,5,10000
2023,高职注册入学,普通类,E001,聊城大学东昌学院,54,中文,不限,,3,10,10000
2023,高职注册入学,普通类,E001,聊城大学东昌学院,56,机电一体化技术,不限,,3,8,10000
2023,高职注册入学,普通类,E001,聊城大学东昌学院,57,计算机应用技术,不限,,3,8,10000
2023,高职注册入学,普通类,E001,聊城大学东昌学院,61,药品生物技术,不限,,3,11,10000
2023,高职注册入学,普通类,E001,聊城大学东昌学院,55,商务英语(校企合作，与山东恒邦教育信息有限公司合作),不限,,3,8,10000
2023,高职注册入学,普通类,E002,烟台科技学院,31,机械制造及自动化,不限,,3,5,10500
2023,高职注册入学,普通类,E002,烟台科技学院,34,计算机网络技术,不限,,3,4,10500
2023,高职注册入学,普通类,E002,烟台科技学院,35,软件技术,不限,,3,3,10500
2023,高职注册入学,普通类,E002,烟台科技学院,37,大数据与财务管理,不限,,3,3,10500
2023,高职注册入学,普通类,E002,烟台科技学院,44,新闻采编与制作,不限,,3,5,10500
2023,高职注册入学,普通类,E079,山东轻工职业学院,0C,网络新闻与传播,不限,,3,5,5000
2023,高职注册入学,普通类,E079,山东轻工职业学院,0N,环境监测技术,不限,,3,9,5000
2023,高职注册入学,普通类,E079,山东轻工职业学院,1C,电气自动化技术,不限,,3,10,5000
2023,高职注册入学,普通类,E079,山东轻工职业学院,1E,机电设备技术,不限,,3,10,5000
2023,高职注册入学,普通类,E079,山东轻工职业学院,1G,纺织品设计,不限,,3,17,5500
2023,高职注册入学,普通类,E118,菏泽家政职业学院,0D,健康大数据管理与服务,不限,,3,10,4800
2023,高职注册入学,普通类,E195,临沂职业学院,D1,安全技术与管理,不限,,3,40,5000
2023,高职注册入学,普通类,E195,临沂职业学院,D3,工程造价,不限,,3,10,5000
2023,高职注册入学,普通类,E195,临沂职业学院,D4,环境监测技术,不限,,3,40,5000
2023,高职注册入学,普通类,E196,枣庄职业学院,1C,康复治疗技术,不限,,3,4,5000
2023,高职注册入学,普通类,E196,枣庄职业学院,1D,口腔医学技术,不限,,3,5,5000
2023,高职注册入学,普通类,E196,枣庄职业学院,1E,口腔卫生保健,不限,,3,4,5000
2023,高职注册入学,普通类,E196,枣庄职业学院,1F,老年保健与管理,不限,,3,2,5000
2023,高职注册入学,普通类,E196,枣庄职业学院,1G,中药学,不限,,3,6,5000
2023,高职注册入学,普通类,E196,枣庄职业学院,1K,电子商务,不限,,3,4,4800
2023,高职注册入学,普通类,E196,枣庄职业学院,1N,信息安全技术应用,不限,,3,4,5000
2023,高职注册入学,普通类,E196,枣庄职业学院,1P,虚拟现实技术应用,不限,,3,4,5000
2023,高职注册入学,普通类,E196,枣庄职业学院,1Q,现代物流管理,不限,,3,8,4800
2023,高职注册入学,普通类,E196,枣庄职业学院,1S,工业机器人技术,不限,,3,5,5000
2023,高职注册入学,普通类,E196,枣庄职业学院,1T,机电一体化技术,不限,,3,6,5000
2023,高职注册入学,普通类,E196,枣庄职业学院,1X,无人机应用技术,不限,,3,5,5000
2023,高职注册入学,普通类,E196,枣庄职业学院,1Y,物联网应用技术,不限,,3,6,5000
2023,高职注册入学,普通类,E196,枣庄职业学院,2A,汽车制造与试验技术,不限,,3,5,5000
2023,高职注册入学,普通类,E196,枣庄职业学院,2B,新能源材料应用技术,不限,,3,5,5000
2023,高职注册入学,普通类,E196,枣庄职业学院,2E,智能网联汽车技术,不限,,3,9,5000
2023,高职注册入学,普通类,E196,枣庄职业学院,2F,畜牧兽医,不限,,3,9,5000
2023,高职注册入学,普通类,E196,枣庄职业学院,2G,动物医学,不限,,3,10,5000
2023,高职注册入学,普通类,E196,枣庄职业学院,2H,食品检验检测技术,不限,,3,10,5000
2023,高职注册入学,普通类,E196,枣庄职业学院,2J,食品智能加工技术,不限,,3,5,5000
2023,高职注册入学,普通类,E196,枣庄职业学院,2L,园林技术,不限,,3,8,5000
2023,高职注册入学,普通类,E196,枣庄职业学院,2M,分析检验技术,不限,,3,8,5000
2023,高职注册入学,普通类,E196,枣庄职业学院,2N,化工自动化技术,不限,,3,10,5000
2023,高职注册入学,普通类,E196,枣庄职业学院,2P,环境工程技术,不限,,3,5,5000
2023,高职注册入学,普通类,E196,枣庄职业学院,2R,药品生产技术,不限,,3,6,5000
2023,高职注册入学,普通类,E196,枣庄职业学院,2S,药品质量与安全,不限,,3,10,5000
2023,高职注册入学,普通类,E196,枣庄职业学院,2T,绿色低碳技术,不限,,3,11,5000
2023,高职注册入学,普通类,E196,枣庄职业学院,2U,储能材料技术,不限,,3,12,5000
2023,高职注册入学,普通类,E196,枣庄职业学院,2V,药物制剂技术,不限,,3,7,5000
2023,高职注册入学,普通类,E196,枣庄职业学院,2Y,酒店管理与数字化运营,不限,,3,11,5000
2023,高职注册入学,普通类,E196,枣庄职业学院,2Z,高速铁路客运服务,不限,,3,20,5000
2023,高职注册入学,普通类,E196,枣庄职业学院,3C,旅游管理,不限,,3,18,5000
2023,高职注册入学,普通类,E196,枣庄职业学院,3F,建筑工程技术,不限,,3,6,5000
2023,高职注册入学,普通类,E196,枣庄职业学院,3J,党务工作,不限,,3,8,5000
2023,高职注册入学,普通类,E196,枣庄职业学院,3K,网络新闻与传播,不限,,3,6,5000
2023,高职注册入学,普通类,E196,枣庄职业学院,3L,运动健康指导,不限,,3,7,5000
2023,高职注册入学,普通类,E242,山东理工职业学院,01,机电一体化技术,不限,,3,13,5000
2023,高职注册入学,普通类,E242,山东理工职业学院,08,汽车检测与维修技术,不限,,3,5,6800
2023,高职注册入学,普通类,E242,山东理工职业学院,10,汽车技术服务与营销,不限,,3,10,6800
2023,高职注册入学,普通类,E242,山东理工职业学院,24,计算机应用技术,不限,,3,10,5000
2023,高职注册入学,普通类,E242,山东理工职业学院,34,新能源装备技术,不限,,3,15,5000
2023,高职注册入学,普通类,E242,山东理工职业学院,36,大数据与会计,不限,,3,10,4800
2023,高职注册入学,普通类,E242,山东理工职业学院,44,视觉传达设计,不限,,3,15,6600
2023,高职注册入学,普通类,E242,山东理工职业学院,51,旅游管理,不限,,3,10,4800
2023,高职注册入学,普通类,E242,山东理工职业学院,54,酒店管理与数字化运营,不限,,3,10,4800
2023,高职注册入学,普通类,E242,山东理工职业学院,61,中医康复技术,不限,,3,9,5000
2023,高职注册入学,普通类,E242,山东理工职业学院,62,中药学,不限,,3,10,5000
2023,高职注册入学,普通类,E242,山东理工职业学院,75,工程造价,不限,,3,10,5000
2023,高职注册入学,普通类,E242,山东理工职业学院,06,工业机器人技术(中外合作办学)(中德合作办学),不限,,3,14,7800
2023,高职注册入学,普通类,E242,山东理工职业学院,07,大数据技术(中外合作办学)(中德合作办学),不限,,3,10,7800
2023,高职注册入学,普通类,E242,山东理工职业学院,09,汽车检测与维修技术(中外合作办学)(中德合作办学),不限,,3,5,10800
2023,高职注册入学,普通类,E242,山东理工职业学院,56,大数据与会计(中外合作办学)(中澳合作办学),不限,,3,9,12000
2023,高职注册入学,普通类,E242,山东理工职业学院,57,计算机应用技术(中外合作办学)(中英合作办学),不限,,3,1,13000
2023,高职注册入学,普通类,E242,山东理工职业学院,58,旅游管理(中外合作办学)(中国和新西兰合作办学),不限,,3,32,12000
2023,高职注册入学,普通类,E242,山东理工职业学院,59,视觉传达设计(中外合作办学)(中韩合作办学),不限,,3,12,9000
2023,高职注册入学,普通类,E242,山东理工职业学院,66,航海技术(校企合作，与山东省船员培训中心有限公司合作),不限,,3,10,8800
2023,高职注册入学,普通类,E242,山东理工职业学院,67,轮机工程技术(校企合作，与山东省船员培训中心有限公司合作),不限,,3,15,8800
2023,高职注册入学,普通类,E261,山东文化产业职业学院,02,装配式建筑工程技术,不限,,3,10,9800
2023,高职注册入学,普通类,E261,山东文化产业职业学院,03,机械制造及自动化,不限,,3,9,9800
2023,高职注册入学,普通类,E261,山东文化产业职业学院,04,智能机电技术,不限,,3,7,9800
2023,高职注册入学,普通类,E261,山东文化产业职业学院,05,工业机器人技术,不限,,3,13,9800
2023,高职注册入学,普通类,E261,山东文化产业职业学院,06,电气自动化技术,不限,,3,15,9800
2023,高职注册入学,普通类,E261,山东文化产业职业学院,07,高速铁路动车组制造与维护,不限,,3,11,9800
2023,高职注册入学,普通类,E261,山东文化产业职业学院,08,无人机应用技术,不限,,3,7,10800
2023,高职注册入学,普通类,E261,山东文化产业职业学院,09,新能源汽车技术,不限,,3,16,9800
2023,高职注册入学,普通类,E261,山东文化产业职业学院,10,铁道通信与信息化技术,不限,,3,6,9800
2023,高职注册入学,普通类,E261,山东文化产业职业学院,12,空中乘务,不限,,3,3,12800
2023,高职注册入学,普通类,E261,山东文化产业职业学院,13,城市轨道交通运营管理,不限,,3,13,11800
2023,高职注册入学,普通类,E261,山东文化产业职业学院,14,物联网应用技术,不限,,3,17,11800
2023,高职注册入学,普通类,E261,山东文化产业职业学院,15,计算机网络技术,不限,,3,10,11800
2023,高职注册入学,普通类,E261,山东文化产业职业学院,16,大数据技术,不限,,3,20,10800
2023,高职注册入学,普通类,E261,山东文化产业职业学院,17,人工智能技术应用,不限,,3,21,11800
2023,高职注册入学,普通类,E261,山东文化产业职业学院,19,通信软件技术,不限,,3,7,11800
2023,高职注册入学,普通类,E261,山东文化产业职业学院,20,康复治疗技术,不限,,3,3,9800
2023,高职注册入学,普通类,E261,山东文化产业职业学院,21,健康大数据管理与服务,不限,,3,3,9800
2023,高职注册入学,普通类,E261,山东文化产业职业学院,23,婴幼儿托育服务与管理,不限,,3,5,9800
2023,高职注册入学,普通类,E261,山东文化产业职业学院,24,大数据与会计,不限,,3,6,8800
2023,高职注册入学,普通类,E261,山东文化产业职业学院,25,商务管理,不限,,3,13,8800
2023,高职注册入学,普通类,E261,山东文化产业职业学院,26,市场营销,不限,,3,25,8800
2023,高职注册入学,普通类,E261,山东文化产业职业学院,27,跨境电子商务,不限,,3,40,9800
2023,高职注册入学,普通类,E261,山东文化产业职业学院,28,铁路物流管理,不限,,3,13,9800
2023,高职注册入学,普通类,E261,山东文化产业职业学院,29,旅游管理,不限,,3,18,7980
2023,高职注册入学,普通类,E261,山东文化产业职业学院,30,酒店管理与数字化运营,不限,,3,4,7980
2023,高职注册入学,普通类,E261,山东文化产业职业学院,31,会展策划与管理,不限,,3,2,9800
2023,高职注册入学,普通类,E261,山东文化产业职业学院,42,公共文化服务与管理,不限,,3,7,7980
2023,高职注册入学,普通类,E261,山东文化产业职业学院,43,新闻采编与制作,不限,,3,5,8800
2023,高职注册入学,普通类,E261,山东文化产业职业学院,44,摄影摄像技术,不限,,3,9,11980
2023,高职注册入学,普通类,E261,山东文化产业职业学院,45,融媒体技术与运营,不限,,3,6,9800
2023,高职注册入学,普通类,E261,山东文化产业职业学院,47,应用日语,不限,,3,5,9800
2023,高职注册入学,普通类,E261,山东文化产业职业学院,49,党务工作,不限,,3,10,8800
2023,高职注册入学,普通类,E261,山东文化产业职业学院,61,应用日语(校企合作，与青岛旭日国际有限公司合作),不限,,3,23,12800
2023,高职注册入学,普通类,E261,山东文化产业职业学院,63,民族传统体育(校企合作，与山东跃轩教育科技有限公司合作),不限,,3,12,13800
2023,高职注册入学,普通类,E261,山东文化产业职业学院,80,网络直播与运营(校企合作，与杭州时光坐标影视传媒有限公司合作),不限,,3,40,14980
2023,高职注册入学,普通类,E327,青岛电影学院,X1,虚拟现实技术应用,不限,,3,19,28000
2023,高职注册入学,普通类,E346,山东海事职业学院,11,航海技术（仅限男生报考）,不限,,3,15,7900
2023,高职注册入学,普通类,E346,山东海事职业学院,12,轮机工程技术（仅限男生报考）,不限,,3,10,7900
2023,高职注册入学,普通类,E346,山东海事职业学院,13,船舶电子电气技术（仅限男生报考）,不限,,3,6,7900
2023,高职注册入学,普通类,E346,山东海事职业学院,14,海洋工程装备技术,不限,,3,5,7900
2023,高职注册入学,普通类,E346,山东海事职业学院,21,国际邮轮乘务管理,不限,,3,35,6900
2023,高职注册入学,普通类,E346,山东海事职业学院,22,旅游管理,不限,,3,20,6900
2023,高职注册入学,普通类,E346,山东海事职业学院,23,酒店管理与数字化运营,不限,,3,8,6900
2023,高职注册入学,普通类,E346,山东海事职业学院,31,大数据与会计,不限,,3,12,7900
2023,高职注册入学,普通类,E346,山东海事职业学院,32,金融服务与管理,不限,,3,9,6900
2023,高职注册入学,普通类,E346,山东海事职业学院,33,现代物流管理,不限,,3,10,6900
2023,高职注册入学,普通类,E346,山东海事职业学院,34,港口与航运管理,不限,,3,3,6900
2023,高职注册入学,普通类,E346,山东海事职业学院,35,集装箱运输管理,不限,,3,13,6900
2023,高职注册入学,普通类,E346,山东海事职业学院,36,关务与外贸服务,不限,,3,11,6900
2023,高职注册入学,普通类,E346,山东海事职业学院,41,机电一体化技术,不限,,3,21,7900
2023,高职注册入学,普通类,E346,山东海事职业学院,42,电气自动化技术,不限,,3,25,7900
2023,高职注册入学,普通类,E346,山东海事职业学院,44,无人机应用技术,不限,,3,8,7900
2023,高职注册入学,普通类,E346,山东海事职业学院,45,发电厂及电力系统,不限,,3,9,7900
2023,高职注册入学,普通类,E346,山东海事职业学院,46,新能源装备技术,不限,,3,26,6900
2023,高职注册入学,普通类,E346,山东海事职业学院,54,工业机器人技术,不限,,3,30,7900
2023,高职注册入学,普通类,E346,山东海事职业学院,55,智能控制技术,不限,,3,51,7900
2023,高职注册入学,普通类,E346,山东海事职业学院,61,电子商务,不限,,3,16,7900
2023,高职注册入学,普通类,E346,山东海事职业学院,63,数字媒体技术,不限,,3,10,7900
2023,高职注册入学,普通类,E346,山东海事职业学院,71,空中乘务,不限,,3,17,7900
2023,高职注册入学,普通类,E346,山东海事职业学院,72,高速铁路客运服务,不限,,3,12,7900
2023,高职注册入学,普通类,E346,山东海事职业学院,75,机场运行服务与管理,不限,,3,6,7900
2023,高职注册入学,普通类,E346,山东海事职业学院,81,健康管理,不限,,3,2,7900
2023,高职注册入学,普通类,E346,山东海事职业学院,92,智慧健康养老服务与管理,不限,,3,2,6900
2023,高职注册入学,普通类,E347,潍坊护理职业学院,01,护理,不限,,3,58,6900
2023,高职注册入学,普通类,E347,潍坊护理职业学院,02,药学,不限,,3,20,6000
2023,高职注册入学,普通类,E347,潍坊护理职业学院,06,医学检验技术,不限,,3,9,6000
2023,高职注册入学,普通类,E347,潍坊护理职业学院,07,医学影像技术,不限,,3,8,6000
2023,高职注册入学,普通类,E347,潍坊护理职业学院,10,康复治疗技术,不限,,3,8,6900
2023,高职注册入学,普通类,E347,潍坊护理职业学院,12,婴幼儿托育服务与管理,不限,,3,12,6000
2023,高职注册入学,普通类,E347,潍坊护理职业学院,13,心理咨询,不限,,3,2,6000
2023,高职注册入学,普通类,E347,潍坊护理职业学院,22,助产（只招女生）,不限,,3,4,6600
2023,高职注册入学,普通类,E477,菏泽职业学院,1D,旅游管理,不限,,3,3,4800
2023,高职注册入学,普通类,E477,菏泽职业学院,1E,音乐表演,不限,,3,8,4800
2023,高职注册入学,普通类,E477,菏泽职业学院,1H,物联网应用技术,不限,,3,2,5000
2023,高职注册入学,普通类,E477,菏泽职业学院,1J,大数据技术,不限,,3,4,5000
2023,高职注册入学,普通类,E477,菏泽职业学院,1K,计算机应用技术,不限,,3,5,5000
2023,高职注册入学,普通类,E477,菏泽职业学院,1L,信息安全技术应用,不限,,3,4,5000
2023,高职注册入学,普通类,E477,菏泽职业学院,1M,动漫制作技术,不限,,3,4,5000
2023,高职注册入学,普通类,E477,菏泽职业学院,1P,大数据与会计,不限,,3,15,4800
2023,高职注册入学,普通类,E477,菏泽职业学院,1T,电子商务,不限,,3,6,4800
2023,高职注册入学,普通类,E477,菏泽职业学院,20,汽车检测与维修技术,不限,,3,4,5000
2023,高职注册入学,普通类,E477,菏泽职业学院,22,汽车技术服务与营销,不限,,3,2,5000
2023,高职注册入学,普通类,E477,菏泽职业学院,23,工程造价,不限,,3,2,5000
2023,高职注册入学,普通类,E477,菏泽职业学院,25,建筑工程技术,不限,,3,3,5000
2023,高职注册入学,普通类,E477,菏泽职业学院,27,食品生物技术,不限,,3,2,5000
2023,高职注册入学,普通类,E477,菏泽职业学院,29,药品生物技术,不限,,3,2,5000
2023,高职注册入学,普通类,E477,菏泽职业学院,2B,学前教育(师范类),不限,,3,6,4800
2023,高职注册入学,普通类,E506,山东艺术设计职业学院,20,建筑装饰工程技术,不限,,3,14,13000
2023,高职注册入学,普通类,E506,山东艺术设计职业学院,30,风景园林设计,不限,,3,2,13000
2023,高职注册入学,普通类,E506,山东艺术设计职业学院,40,园艺技术,不限,,3,2,13000
2023,高职注册入学,普通类,E506,山东艺术设计职业学院,F0,全媒体广告策划与营销,不限,,3,5,11900
2023,高职注册入学,普通类,E506,山东艺术设计职业学院,J0,文物修复与保护,不限,,3,2,13000
2023,高职注册入学,普通类,E506,山东艺术设计职业学院,M0,空中乘务,不限,,3,17,13000
2023,高职注册入学,普通类,E506,山东艺术设计职业学院,N0,婴幼儿托育服务与管理,不限,,3,15,13000
2023,高职注册入学,普通类,E506,山东艺术设计职业学院,P0,智慧健康养老服务与管理,不限,,3,4,13000
2023,高职注册入学,普通类,E506,山东艺术设计职业学院,U0,网络营销与直播电商,不限,,3,2,11900
2023,高职注册入学,普通类,E506,山东艺术设计职业学院,9K,工业设计(校企合作，与北京凯文教育集团合作),不限,,3,10,15800
2023,高职注册入学,普通类,E506,山东艺术设计职业学院,AK,虚拟现实技术应用(校企合作，与北京凯文教育集团合作),不限,,3,10,15800
2023,高职注册入学,普通类,E506,山东艺术设计职业学院,CK,软件技术(校企合作，与北京凯文教育集团合作),不限,,3,15,15800
2023,高职注册入学,普通类,E506,山东艺术设计职业学院,FK,全媒体广告策划与营销(校企合作，与北京凯文教育集团合作),不限,,3,10,15800
2023,高职注册入学,普通类,E570,烟台黄金职业学院,2M,商务英语,不限,,3,6,7800
2023,高职注册入学,普通类,E570,烟台黄金职业学院,6M,宝玉石鉴定与加工,不限,,3,10,7800
2023,高职注册入学,普通类,E570,烟台黄金职业学院,7N,矿物加工技术,不限,,3,8,6300
2023,高职注册入学,普通类,E570,烟台黄金职业学院,2P,云计算技术应用(校企合作，与统信国基（北京）科技有限公司合作),不限,,3,6,9800
2023,高职注册入学,普通类,E605,日照航海工程职业学院,68,电梯工程技术,不限,,3,30,8800
2023,高职注册入学,普通类,E605,日照航海工程职业学院,81,现代物流管理,不限,,3,20,8800
2023,高职注册入学,普通类,E605,日照航海工程职业学院,91,应急救援技术,不限,,3,20,8800
2023,高职注册入学,普通类,E605,日照航海工程职业学院,93,药品经营与管理,不限,,3,10,8800
2023,高职注册入学,普通类,E605,日照航海工程职业学院,94,电子信息工程技术,不限,,3,20,8800
2023,高职注册入学,普通类,E605,日照航海工程职业学院,3B,计算机网络技术(校企合作，与欣源根（山东）科技信息集团有限公司合,不限,,3,20,13300
2023,高职注册入学,普通类,E605,日照航海工程职业学院,3C,信息安全技术应用(校企合作，与三六零数字安全科技集团有限公司合作),不限,,3,10,13300
2023,高职注册入学,普通类,E707,烟台文化旅游职业学院,A1,旅游管理,不限,,3,14,4800
2023,高职注册入学,普通类,E707,烟台文化旅游职业学院,A4,老年保健与管理,不限,,3,1,4800
2023,高职注册入学,普通类,E707,烟台文化旅游职业学院,B1,酒店管理与数字化运营,不限,,3,3,4800
2023,高职注册入学,普通类,E707,烟台文化旅游职业学院,C1,国际邮轮乘务管理,不限,,3,9,4800
2023,高职注册入学,普通类,E707,烟台文化旅游职业学院,D1,葡萄酒文化与营销,不限,,3,1,4800
2023,高职注册入学,普通类,E707,烟台文化旅游职业学院,E1,婴幼儿托育服务与管理,不限,,3,4,4800
2023,高职注册入学,普通类,E707,烟台文化旅游职业学院,G1,中西面点工艺,不限,,3,15,4800
2023,高职注册入学,普通类,E707,烟台文化旅游职业学院,H1,烹饪工艺与营养,不限,,3,15,4800
2023,高职注册入学,普通类,E707,烟台文化旅游职业学院,J1,广告艺术设计,不限,,3,4,4800
2023,高职注册入学,普通类,E707,烟台文化旅游职业学院,M1,大数据与会计,不限,,3,4,4800
2023,高职注册入学,普通类,E707,烟台文化旅游职业学院,N1,电子商务,不限,,3,6,4800
2023,高职注册入学,普通类,E707,烟台文化旅游职业学院,P1,机械制造及自动化,不限,,3,8,5000
2023,高职注册入学,普通类,E707,烟台文化旅游职业学院,Q1,电气自动化技术,不限,,3,6,5000
2023,高职注册入学,普通类,E707,烟台文化旅游职业学院,R1,网络营销与直播电商,不限,,3,2,4800
2023,高职注册入学,普通类,E707,烟台文化旅游职业学院,S1,民宿管理与运营,不限,,3,1,4800
2023,高职注册入学,普通类,E707,烟台文化旅游职业学院,T1,餐饮智能管理,不限,,3,7,4800
2023,高职注册入学,普通类,E707,烟台文化旅游职业学院,U1,人物形象设计,不限,,3,5,4800
2023,高职注册入学,普通类,E707,烟台文化旅游职业学院,V1,数字化设计与制造技术,不限,,3,1,5000
2023,高职注册入学,普通类,E707,烟台文化旅游职业学院,W1,人工智能技术应用,不限,,3,2,5000
2023,高职注册入学,普通类,E707,烟台文化旅游职业学院,F1,空中乘务(校企合作，与上海瀚翔教育科技有限公司合作),不限,,3,8,8800
2023,高职注册入学,普通类,E707,烟台文化旅游职业学院,K1,摄影摄像技术(校企合作，与浙江时光坐标科技股份有限公司合作),不限,,3,3,8800
2023,高职注册入学,普通类,E707,烟台文化旅游职业学院,L1,广播影视节目制作(校企合作，与浙江时光坐标科技股份有限公司合作),不限,,3,1,8800
2023,高职注册入学,普通类,E708,临沂科技职业学院,04,农产品流通与管理,不限,,3,2,5000
2023,高职注册入学,普通类,E708,临沂科技职业学院,06,动物医学,不限,,3,4,5000
2023,高职注册入学,普通类,E708,临沂科技职业学院,07,宠物医疗技术,不限,,3,3,5000
2023,高职注册入学,普通类,E708,临沂科技职业学院,08,环境工程技术,不限,,3,2,5000
2023,高职注册入学,普通类,E708,临沂科技职业学院,09,环境监测技术,不限,,3,2,5000
2023,高职注册入学,普通类,E708,临沂科技职业学院,10,食品质量与安全,不限,,3,1,5000
2023,高职注册入学,普通类,E708,临沂科技职业学院,11,食品营养与健康,不限,,3,1,5000
2023,高职注册入学,普通类,E708,临沂科技职业学院,12,药品经营与管理,不限,,3,3,5000
2023,高职注册入学,普通类,E708,临沂科技职业学院,15,建筑工程技术,不限,,3,4,5000
2023,高职注册入学,普通类,E708,临沂科技职业学院,25,汽车检测与维修技术,不限,,3,2,5000
2023,高职注册入学,普通类,E708,临沂科技职业学院,26,新能源汽车技术,不限,,3,2,5000
2023,高职注册入学,普通类,E708,临沂科技职业学院,29,包装工程技术,不限,,3,5,5000
2023,高职注册入学,普通类,E708,临沂科技职业学院,32,工业互联网应用,不限,,3,3,5000
2023,高职注册入学,普通类,E708,临沂科技职业学院,35,电子商务,不限,,3,2,4800
2023,高职注册入学,普通类,E708,临沂科技职业学院,38,网络营销与直播电商,不限,,3,2,4800
2023,高职注册入学,普通类,E708,临沂科技职业学院,41,软件技术,不限,,3,2,5000
2023,高职注册入学,普通类,E709,青岛航空科技职业学院,28,定翼机驾驶技术,不限,,3,10,16900
2023,高职注册入学,普通类,E709,青岛航空科技职业学院,34,无人机测绘技术,不限,,3,9,14900
2023,高职注册入学,普通类,E709,青岛航空科技职业学院,35,飞机电子设备维修,不限,,3,10,14900
2023,高职注册入学,普通类,E709,青岛航空科技职业学院,39,关务与外贸服务,不限,,3,10,9900
2023,高职注册入学,普通类,E709,青岛航空科技职业学院,40,计算机应用技术,不限,,3,100,9900
2023,高职注册入学,普通类,E709,青岛航空科技职业学院,42,大数据与会计,不限,,3,40,9900
2023,高职注册入学,普通类,E709,青岛航空科技职业学院,43,现代物流管理,不限,,3,20,9900
2023,高职注册入学,普通类,E710,潍坊环境工程职业学院,21,工业机器人技术,不限,,3,4,6800
2023,高职注册入学,普通类,E710,潍坊环境工程职业学院,27,智能机电技术,不限,,3,5,5000
2023,高职注册入学,普通类,E710,潍坊环境工程职业学院,35,热能动力工程技术,不限,,3,28,8800
2023,高职注册入学,普通类,E710,潍坊环境工程职业学院,37,物联网应用技术,不限,,3,2,6800
2023,高职注册入学,普通类,E710,潍坊环境工程职业学院,43,大数据技术,不限,,3,1,6800
2023,高职注册入学,普通类,E710,潍坊环境工程职业学院,45,信息安全技术应用,不限,,3,6,5000
2023,高职注册入学,普通类,E710,潍坊环境工程职业学院,59,中医康复技术,不限,,3,6,8800
2023,高职注册入学,普通类,E710,潍坊环境工程职业学院,65,建筑工程技术(校企合作，与北京谷雨时代教育科技有限公司合作),不限,,3,2,12800
2023,高职注册入学,普通类,E710,潍坊环境工程职业学院,67,工程造价(校企合作，与北京谷雨时代教育科技有限公司合作),不限,,3,1,12800
2023,高职注册入学,普通类,E710,潍坊环境工程职业学院,69,人工智能技术应用(校企合作，与青岛红树林科技有限公司合作),不限,,3,1,13800
2023,高职注册入学,普通类,E749,滨州科技职业学院,0A,人工智能技术应用,不限,,3,20,10800
2023,高职注册入学,普通类,E749,滨州科技职业学院,0D,婴幼儿托育服务与管理,不限,,3,10,10800
2023,高职注册入学,普通类,E749,滨州科技职业学院,0G,电子商务,不限,,3,15,7800
2023,高职注册入学,普通类,E749,滨州科技职业学院,0H,现代物流管理,不限,,3,33,7800
2023,高职注册入学,普通类,E749,滨州科技职业学院,1H,机电一体化技术,不限,,3,15,11800
2023,高职注册入学,普通类,E749,滨州科技职业学院,1J,智能控制技术,不限,,3,5,11800
2023,高职注册入学,普通类,E749,滨州科技职业学院,1L,跨境电子商务,不限,,3,5,8800
2023,高职注册入学,普通类,E749,滨州科技职业学院,37,网络营销与直播电商,不限,,3,18,8800
2023,高职注册入学,普通类,E749,滨州科技职业学院,38,无人机应用技术,不限,,3,20,11800
2023,高职注册入学,普通类,E749,滨州科技职业学院,39,新能源汽车技术,不限,,3,8,11800
2023,高职注册入学,普通类,E749,滨州科技职业学院,40,电气自动化技术,不限,,3,30,11800
2023,高职注册入学,普通类,E749,滨州科技职业学院,41,数字媒体技术,不限,,3,20,9800
2023,高职注册入学,普通类,E749,滨州科技职业学院,42,计算机应用技术,不限,,3,80,8800
2023,高职注册入学,普通类,E749,滨州科技职业学院,43,康复治疗技术,不限,,3,20,12800
2023,高职注册入学,普通类,E749,滨州科技职业学院,4M,眼视光技术,不限,,3,25,8800
2023,高职注册入学,普通类,E749,滨州科技职业学院,0L,无人机应用技术(校企合作，与山东创新谷信息科技集团有限公司合作),不限,,3,6,16800
2023,高职注册入学,普通类,E749,滨州科技职业学院,0R,大数据技术(校企合作，与中科启智(山东)信息有限公司合作),不限,,3,10,13800
2023,高职注册入学,普通类,E749,滨州科技职业学院,0U,电子商务(校企合作，与中科启智(山东)信息有限公司合作),不限,,3,8,13800
2023,高职注册入学,普通类,E749,滨州科技职业学院,0X,网络营销与直播电商(校企合作，与中科启智(山东)信息有限公司合作),不限,,3,7,13800
2023,高职注册入学,普通类,E809,山东城市服务职业学院,01,烹饪工艺与营养,不限,,3,13,4800
2023,高职注册入学,普通类,E809,山东城市服务职业学院,02,西式烹饪工艺,不限,,3,3,4800
2023,高职注册入学,普通类,E809,山东城市服务职业学院,03,智能制造装备技术,不限,,3,16,5000
2023,高职注册入学,普通类,E809,山东城市服务职业学院,04,大数据与会计,不限,,3,15,4800
2023,高职注册入学,普通类,E809,山东城市服务职业学院,05,电子商务,不限,,3,9,4800
2023,高职注册入学,普通类,E809,山东城市服务职业学院,06,数字媒体技术,不限,,3,11,5000
2023,高职注册入学,普通类,E809,山东城市服务职业学院,07,酒店管理与数字化运营,不限,,3,6,4800
2023,高职注册入学,普通类,E809,山东城市服务职业学院,08,婴幼儿托育服务与管理,不限,,3,7,4800
2023,高职注册入学,普通类,E810,潍坊食品科技职业学院,01,食品生物技术,不限,,3,13,6800
2023,高职注册入学,普通类,E810,潍坊食品科技职业学院,02,食品质量与安全,不限,,3,23,6800
2023,高职注册入学,普通类,E810,潍坊食品科技职业学院,03,康复工程技术,不限,,3,21,6800
2023,高职注册入学,普通类,E810,潍坊食品科技职业学院,04,机电一体化技术,不限,,3,46,6800
2023,高职注册入学,普通类,E810,潍坊食品科技职业学院,05,数字媒体艺术设计,不限,,3,15,6800
2023,高职注册入学,普通类,E810,潍坊食品科技职业学院,06,计算机应用技术,不限,,3,33,6800
2023,高职注册入学,普通类,E811,烟台城市科技职业学院,01,工业机器人技术,不限,,3,17,8800
2023,高职注册入学,普通类,E811,烟台城市科技职业学院,02,智能控制技术,不限,,3,12,7800
2023,高职注册入学,普通类,E811,烟台城市科技职业学院,03,计算机网络技术,不限,,3,3,8800
2023,高职注册入学,普通类,E811,烟台城市科技职业学院,04,大数据技术,不限,,3,18,8800
2023,高职注册入学,普通类,E811,烟台城市科技职业学院,05,现代通信技术,不限,,3,17,7800
2023,高职注册入学,普通类,E811,烟台城市科技职业学院,06,康复治疗技术,不限,,3,11,8800
2023,高职注册入学,普通类,E811,烟台城市科技职业学院,07,大数据与会计,不限,,3,28,9800
2023,高职注册入学,普通类,E811,烟台城市科技职业学院,08,电子商务,不限,,3,21,8800
2023,高职注册入学,普通类,E811,烟台城市科技职业学院,09,网络营销与直播电商,不限,,3,9,8800
2023,高职注册入学,艺术类,C844,山东力明科技职业学院,53,舞蹈表演（舞蹈类（艺术舞蹈））,不限,,3,30,16800
2023,高职注册入学,艺术类,C844,山东力明科技职业学院,54,表演艺术（戏剧影视表演类）,不限,,3,5,16800
2023,高职注册入学,艺术类,D006,山东英才学院,D3,音乐表演（音乐类）,不限,,3,25,18000
2023,高职注册入学,艺术类,D006,山东英才学院,D8,舞蹈表演（舞蹈类（体育舞蹈，女））,不限,,3,16,18000
2023,高职注册入学,艺术类,D006,山东英才学院,D9,舞蹈表演（舞蹈类（艺术舞蹈））,不限,,3,20,18000
2023,高职注册入学,艺术类,D015,青岛恒星科技学院,31,广告艺术设计（美术类）,不限,,3,5,16800
2023,高职注册入学,艺术类,D015,青岛恒星科技学院,32,环境艺术设计（美术类）,不限,,3,5,12800
2023,高职注册入学,艺术类,D015,青岛恒星科技学院,33,舞蹈表演（舞蹈类（艺术舞蹈））,不限,,3,5,16800
2023,高职注册入学,艺术类,D388,潍坊工商职业学院,V4,国际标准舞（舞蹈类（体育舞蹈，女））,不限,,3,5,10800
2023,高职注册入学,艺术类,D624,泰山科技学院,5A,数字媒体艺术设计（美术类）,不限,,3,5,23800
2023,高职注册入学,艺术类,D624,泰山科技学院,5B,视觉传达设计（美术类）,不限,,3,5,23800
2023,高职注册入学,艺术类,D858,山东旅游职业学院,53,表演艺术（舞蹈类（艺术舞蹈））,不限,,3,2,7000
2023,高职注册入学,艺术类,D858,山东旅游职业学院,54,环境艺术设计（美术类）,不限,,3,5,7000
2023,高职注册入学,艺术类,E000,潍坊理工学院,77,艺术设计（美术类）,不限,,3,7,10800
2023,高职注册入学,艺术类,E000,潍坊理工学院,82,动漫设计（美术类）,不限,,3,12,10800
2023,高职注册入学,艺术类,E000,潍坊理工学院,87,工艺美术品设计（美术类）,不限,,3,10,10800
2023,高职注册入学,艺术类,E001,聊城大学东昌学院,60,影视动画（美术类）,不限,,3,8,10000
2023,高职注册入学,艺术类,E002,烟台科技学院,YL,广告艺术设计（美术类）,不限,,3,4,12800
2023,高职注册入学,艺术类,E002,烟台科技学院,YP,音乐表演（音乐类）,不限,,3,5,12800
2023,高职注册入学,艺术类,E079,山东轻工职业学院,A3,服装与服饰设计（美术类）,不限,,3,12,7700
2023,高职注册入学,艺术类,E079,山东轻工职业学院,A7,"艺术设计(中外合作办学)(中韩合作,与韩国京东大学合作)（美术类）",不限,,3,7,12000
2023,高职注册入学,艺术类,E261,山东文化产业职业学院,32,艺术设计（美术类）,不限,,3,2,10800
2023,高职注册入学,艺术类,E261,山东文化产业职业学院,34,环境艺术设计（美术类）,不限,,3,9,10800
2023,高职注册入学,艺术类,E261,山东文化产业职业学院,36,音乐表演（音乐类）,不限,,3,9,19800
2023,高职注册入学,艺术类,E261,山东文化产业职业学院,39,戏剧影视表演（戏剧影视表演类）,不限,,3,4,28800
2023,高职注册入学,艺术类,E261,山东文化产业职业学院,51,书画艺术(绘画)（美术类）,不限,,3,3,10800
2023,高职注册入学,艺术类,E261,山东文化产业职业学院,52,书画艺术(书法)（书法类）,不限,,3,2,10800
2023,高职注册入学,艺术类,E261,山东文化产业职业学院,74,舞蹈表演（舞蹈类（体育舞蹈，女））,不限,,3,4,19800
2023,高职注册入学,艺术类,E261,山东文化产业职业学院,76,舞蹈表演（舞蹈类（艺术舞蹈））,不限,,3,17,19800
2023,高职注册入学,艺术类,E506,山东艺术设计职业学院,10,环境艺术设计（美术类）,不限,,3,14,13000
2023,高职注册入学,艺术类,E506,山东艺术设计职业学院,60,艺术设计（美术类）,不限,,3,5,13000
2023,高职注册入学,艺术类,E506,山东艺术设计职业学院,70,影视动画（美术类）,不限,,3,3,13000
2023,高职注册入学,艺术类,E506,山东艺术设计职业学院,H0,书画艺术（美术类）,不限,,3,2,13000
2023,高职注册入学,艺术类,E506,山东艺术设计职业学院,K0,音乐表演（音乐类）,不限,,3,15,13900
2023,高职注册入学,艺术类,E506,山东艺术设计职业学院,KG,音乐表演（音乐类）,不限,,3,4,13900
2023,高职注册入学,艺术类,E506,山东艺术设计职业学院,KQ,音乐表演（音乐类）,不限,,3,5,13900
2023,高职注册入学,艺术类,E506,山东艺术设计职业学院,L0,舞蹈表演（舞蹈类（艺术舞蹈））,不限,,3,15,13900
2023,高职注册入学,艺术类,E506,山东艺术设计职业学院,LC,舞蹈表演（舞蹈类（健美操））,不限,,3,3,13900
2023,高职注册入学,艺术类,E710,潍坊环境工程职业学院,55,数字媒体艺术设计（美术类）,不限,,3,10,8800
2023,高职注册入学,体育类,E195,临沂职业学院,T1,体育保健与康复,不限,,3,10,5000
2023,高职注册入学,体育类,E261,山东文化产业职业学院,63,民族传统体育(校企合作，与山东跃轩教育科技有限公司合作),不限,,3,8,13800
2023,高职注册入学,体育类,E688,青岛幼儿师范高等专科学校,18,体育教育(师范类),不限,,3,4,5500
2023,高职注册入学,体育类,E688,青岛幼儿师范高等专科学校,19,休闲体育,不限,,3,12,5500
2023,高职注册入学,体育类,E688,青岛幼儿师范高等专科学校,20,运动健康指导,不限,,3,6,5500
2023,高职注册入学,体育类,E688,青岛幼儿师范高等专科学校,32,体育教育(师范类)（校企合作，与青岛博彩体育文化发展有限公司合作）,不限,,3,4,8800
2023,高职注册入学,春季高考,C070,曲阜远东职业技术学院,C6,轨道交通通信信号设备制造与维护,机械制造,,3,1,8180
2023,高职注册入学,春季高考,C070,曲阜远东职业技术学院,C7,无人机应用技术,机电技术,,3,2,8180
2023,高职注册入学,春季高考,C070,曲阜远东职业技术学院,K1,无人机应用技术(校企合作，与山东文旅传媒集团有限公司合作),机电技术,,3,2,11180
2023,高职注册入学,春季高考,C070,曲阜远东职业技术学院,59,电气自动化技术,电气技术,,3,2,8180
2023,高职注册入学,春季高考,C070,曲阜远东职业技术学院,C9,汽车电子技术,电子技术,,3,2,8180
2023,高职注册入学,春季高考,C070,曲阜远东职业技术学院,D3,应用电子技术,电子技术,,3,2,8180
2023,高职注册入学,春季高考,C070,曲阜远东职业技术学院,K5,应用电子技术(校企合作，与青岛海尔制冷电器有限公司合作),电子技术,,3,2,12180
2023,高职注册入学,春季高考,C070,曲阜远东职业技术学院,K7,现代通信技术(校企合作，与青岛海尔制冷电器有限公司合作),电子技术,,3,2,12180
2023,高职注册入学,春季高考,C070,曲阜远东职业技术学院,C8,新能源汽车技术,车辆维修,,3,2,8180
2023,高职注册入学,春季高考,C070,曲阜远东职业技术学院,G1,数字媒体艺术设计,数字媒体,,3,120,8980
2023,高职注册入学,春季高考,C070,曲阜远东职业技术学院,G4,动漫设计,数字媒体,,3,2,8980
2023,高职注册入学,春季高考,C070,曲阜远东职业技术学院,H2,融媒体技术与运营,数字媒体,,3,6,8180
2023,高职注册入学,春季高考,C070,曲阜远东职业技术学院,J5,数字媒体艺术设计(校企合作，与山东文旅传媒集团有限公司合作),数字媒体,,3,6,11980
2023,高职注册入学,春季高考,C070,曲阜远东职业技术学院,J7,动漫设计(校企合作，与山东文旅传媒集团有限公司合作),数字媒体,,3,2,11980
2023,高职注册入学,春季高考,C070,曲阜远东职业技术学院,D5,计算机网络技术,网络技术,,3,50,8180
2023,高职注册入学,春季高考,C070,曲阜远东职业技术学院,H3,网络直播与运营,网络技术,,3,2,8180
2023,高职注册入学,春季高考,C070,曲阜远东职业技术学院,D4,计算机应用技术,软件与应用技术,,3,3,8180
2023,高职注册入学,春季高考,C070,曲阜远东职业技术学院,K8,软件技术(校企合作，与青岛海尔制冷电器有限公司合作),软件与应用技术,,3,2,12180
2023,高职注册入学,春季高考,C070,曲阜远东职业技术学院,E4,中医康复技术,医学技术,,3,15,8180
2023,高职注册入学,春季高考,C070,曲阜远东职业技术学院,E5,医学检验技术,医学技术,,3,15,8180
2023,高职注册入学,春季高考,C070,曲阜远东职业技术学院,E6,口腔医学技术,医学技术,,3,15,8180
2023,高职注册入学,春季高考,C070,曲阜远东职业技术学院,E7,康复治疗技术,医学技术,,3,15,8180
2023,高职注册入学,春季高考,C070,曲阜远东职业技术学院,F1,口腔卫生保健,医学技术,,3,5,8180
2023,高职注册入学,春季高考,C070,曲阜远东职业技术学院,E2,药学,药学,,3,4,8180
2023,高职注册入学,春季高考,C070,曲阜远东职业技术学院,E3,中药学,药学,,3,5,8180
2023,高职注册入学,春季高考,C070,曲阜远东职业技术学院,51,健康管理,护理,,3,2,8180
2023,高职注册入学,春季高考,C070,曲阜远东职业技术学院,D9,护理,护理,,3,80,9880
2023,高职注册入学,春季高考,C070,曲阜远东职业技术学院,H8,智慧健康养老服务与管理,护理,,3,8,8180
2023,高职注册入学,春季高考,C070,曲阜远东职业技术学院,K2,护理(校企合作，与山东联桥集团有限公司合作),护理,,3,10,9880
2023,高职注册入学,春季高考,C070,曲阜远东职业技术学院,56,工程造价,财税,,3,2,8180
2023,高职注册入学,春季高考,C070,曲阜远东职业技术学院,F2,财政支出绩效管理,财税,,3,2,8180
2023,高职注册入学,春季高考,C070,曲阜远东职业技术学院,F3,金融服务与管理,财税,,3,2,8180
2023,高职注册入学,春季高考,C070,曲阜远东职业技术学院,F4,大数据与会计,财税,,3,3,8180
2023,高职注册入学,春季高考,C070,曲阜远东职业技术学院,F5,工商企业管理,市场营销,,3,3,8180
2023,高职注册入学,春季高考,C070,曲阜远东职业技术学院,F6,市场营销,市场营销,,3,12,8180
2023,高职注册入学,春季高考,C070,曲阜远东职业技术学院,F7,电子商务,电子商务,,3,20,8180
2023,高职注册入学,春季高考,C070,曲阜远东职业技术学院,F8,网络营销与直播电商,电子商务,,3,2,8180
2023,高职注册入学,春季高考,C070,曲阜远东职业技术学院,J9,网络营销与直播电商(校企合作，与山东文旅传媒集团有限公司合作),电子商务,,3,3,11180
2023,高职注册入学,春季高考,C070,曲阜远东职业技术学院,55,电子商务,国际商务,,3,2,8180
2023,高职注册入学,春季高考,C070,曲阜远东职业技术学院,54,旅游管理,旅游管理,,3,2,8180
2023,高职注册入学,春季高考,C070,曲阜远东职业技术学院,D1,高速铁路客运服务,旅游管理,,3,2,8180
2023,高职注册入学,春季高考,C070,曲阜远东职业技术学院,K3,旅游管理(校企合作，与山东文旅传媒集团有限公司合作),旅游管理,,3,2,11180
2023,高职注册入学,春季高考,C070,曲阜远东职业技术学院,H5,中文,公共服务与管理,,3,2,8180
2023,高职注册入学,春季高考,C070,曲阜远东职业技术学院,E9,婴幼儿托育服务与管理,学前教育,,3,40,8180
2023,高职注册入学,春季高考,C070,曲阜远东职业技术学院,H4,早期教育,学前教育,,3,100,8980
2023,高职注册入学,春季高考,C070,曲阜远东职业技术学院,G2,环境艺术设计,艺术设计,,3,2,8980
2023,高职注册入学,春季高考,C842,德州科技职业学院,7M,动漫制作技术,数字媒体,,3,25,8800
2023,高职注册入学,春季高考,C842,德州科技职业学院,7D,计算机网络技术,网络技术,,3,15,8800
2023,高职注册入学,春季高考,C842,德州科技职业学院,7T,医学影像技术,医学技术,,3,10,9800
2023,高职注册入学,春季高考,C842,德州科技职业学院,8A,口腔医学技术,医学技术,,3,10,9800
2023,高职注册入学,春季高考,C842,德州科技职业学院,7Q,护理,护理,,3,35,9800
2023,高职注册入学,春季高考,C842,德州科技职业学院,7R,助产,护理,,3,5,9800
2023,高职注册入学,春季高考,C842,德州科技职业学院,8C,婴幼儿托育服务与管理,学前教育,,3,5,8800
2023,高职注册入学,春季高考,C842,德州科技职业学院,8M,早期教育,学前教育,,3,25,9800
2023,高职注册入学,春季高考,C844,山东力明科技职业学院,19,数字媒体技术,数字媒体,,3,10,16800
2023,高职注册入学,春季高考,C844,山东力明科技职业学院,17,计算机网络技术,网络技术,,3,15,16800
2023,高职注册入学,春季高考,C844,山东力明科技职业学院,16,计算机应用技术,软件与应用技术,,3,15,16800
2023,高职注册入学,春季高考,C844,山东力明科技职业学院,29,中药学,医学技术,,3,15,16800
2023,高职注册入学,春季高考,C844,山东力明科技职业学院,30,中医康复技术,医学技术,,3,15,16800
2023,高职注册入学,春季高考,C844,山东力明科技职业学院,31,医学检验技术,医学技术,,3,35,16800
2023,高职注册入学,春季高考,C844,山东力明科技职业学院,32,医学影像技术,医学技术,,3,32,16800
2023,高职注册入学,春季高考,C844,山东力明科技职业学院,33,口腔医学技术,医学技术,,3,25,16800
2023,高职注册入学,春季高考,C844,山东力明科技职业学院,40,眼视光技术,医学技术,,3,15,16800
2023,高职注册入学,春季高考,C844,山东力明科技职业学院,26,药学,药学,,3,15,16800
2023,高职注册入学,春季高考,C844,山东力明科技职业学院,24,护理,护理,,3,29,16800
2023,高职注册入学,春季高考,C844,山东力明科技职业学院,43,大数据与会计,财税,,3,10,16800
2023,高职注册入学,春季高考,C844,山东力明科技职业学院,47,旅游管理,旅游管理,,3,3,16800
2023,高职注册入学,春季高考,C844,山东力明科技职业学院,38,婴幼儿托育服务与管理,学前教育,,3,40,16800
2023,高职注册入学,春季高考,C844,山东力明科技职业学院,62,早期教育,学前教育,,3,30,16800
2023,高职注册入学,春季高考,C844,山东力明科技职业学院,58,文物修复与保护,艺术设计,,3,10,16800
2023,高职注册入学,春季高考,C945,山东圣翰财贸职业学院,40,建筑消防技术,建筑,,3,3,9000
2023,高职注册入学,春季高考,C945,山东圣翰财贸职业学院,2K,汽车制造与试验技术,车辆维修,,3,3,9000
2023,高职注册入学,春季高考,C945,山东圣翰财贸职业学院,12,动漫制作技术,数字媒体,,3,35,9800
2023,高职注册入学,春季高考,C945,山东圣翰财贸职业学院,13,计算机应用技术,网络技术,,3,20,9500
2023,高职注册入学,春季高考,C945,山东圣翰财贸职业学院,2P,医学影像技术,医学技术,,3,20,9600
2023,高职注册入学,春季高考,C945,山东圣翰财贸职业学院,3E,康复治疗技术,医学技术,,3,10,9600
2023,高职注册入学,春季高考,C945,山东圣翰财贸职业学院,3W,口腔医学技术,医学技术,,3,20,9600
2023,高职注册入学,春季高考,C945,山东圣翰财贸职业学院,2Q,医学影像技术,护理,,3,6,9600
2023,高职注册入学,春季高考,C945,山东圣翰财贸职业学院,21,电子商务,电子商务,,3,25,9000
2023,高职注册入学,春季高考,C945,山东圣翰财贸职业学院,05,婴幼儿托育服务与管理,学前教育,,3,55,9000
2023,高职注册入学,春季高考,D006,山东英才学院,B9,护理,护理,,3,20,14000
2023,高职注册入学,春季高考,D006,山东英才学院,E2,早期教育,学前教育,,3,20,18000
2023,高职注册入学,春季高考,D015,青岛恒星科技学院,3T,烹饪工艺与营养,烹饪,,3,1,10800
2023,高职注册入学,春季高考,D015,青岛恒星科技学院,3D,建筑室内设计,建筑,,3,1,12800
2023,高职注册入学,春季高考,D015,青岛恒星科技学院,56,汽车技术服务与营销,设备维修,,3,1,10800
2023,高职注册入学,春季高考,D015,青岛恒星科技学院,4S,机电一体化技术,机电技术,,3,1,12800
2023,高职注册入学,春季高考,D015,青岛恒星科技学院,51,电气自动化技术,电气技术,,3,1,12800
2023,高职注册入学,春季高考,D015,青岛恒星科技学院,39,汽车技术服务与营销,车辆维修,,3,1,10800
2023,高职注册入学,春季高考,D015,青岛恒星科技学院,4N,广告艺术设计,数字媒体,,3,5,16800
2023,高职注册入学,春季高考,D015,青岛恒星科技学院,3A,计算机网络技术,网络技术,,3,5,12800
2023,高职注册入学,春季高考,D015,青岛恒星科技学院,3C,软件技术,软件与应用技术,,3,1,12800
2023,高职注册入学,春季高考,D015,青岛恒星科技学院,40,中医康复技术,医学技术,,3,5,10800
2023,高职注册入学,春季高考,D015,青岛恒星科技学院,3Z,护理,护理,,3,5,16800
2023,高职注册入学,春季高考,D015,青岛恒星科技学院,3P,金融服务与管理,财税,,3,2,12800
2023,高职注册入学,春季高考,D015,青岛恒星科技学院,3M,市场营销,市场营销,,3,1,10800
2023,高职注册入学,春季高考,D015,青岛恒星科技学院,3H,电子商务,电子商务,,3,2,12800
2023,高职注册入学,春季高考,D015,青岛恒星科技学院,3V,应用韩语,国际商务,,3,1,10800
2023,高职注册入学,春季高考,D015,青岛恒星科技学院,3R,空中乘务,酒店管理,,3,1,12800
2023,高职注册入学,春季高考,D015,青岛恒星科技学院,3S,旅游管理,旅游管理,,3,1,12800
2023,高职注册入学,春季高考,D015,青岛恒星科技学院,3X,早期教育,学前教育,,3,10,10800
2023,高职注册入学,春季高考,D015,青岛恒星科技学院,3Y,婴幼儿托育服务与管理,学前教育,,3,5,12800
2023,高职注册入学,春季高考,D015,青岛恒星科技学院,43,包装策划与设计,艺术设计,,3,1,10800
2023,高职注册入学,春季高考,D319,山东化工职业学院,M0,电子商务,电子商务,,3,2,7800
2023,高职注册入学,春季高考,D321,青岛求实职业技术学院,71,烹饪工艺与营养,烹饪,,3,2,9400
2023,高职注册入学,春季高考,D321,青岛求实职业技术学院,42,建筑消防技术,建筑,,3,6,9400
2023,高职注册入学,春季高考,D321,青岛求实职业技术学院,43,工程造价,建筑,,3,2,9400
2023,高职注册入学,春季高考,D321,青岛求实职业技术学院,45,机电一体化技术,机电技术,,3,16,9400
2023,高职注册入学,春季高考,D321,青岛求实职业技术学院,16,新能源汽车技术,电气技术,,3,1,9400
2023,高职注册入学,春季高考,D321,青岛求实职业技术学院,15,汽车制造与试验技术,车辆维修,,3,1,9400
2023,高职注册入学,春季高考,D321,青岛求实职业技术学院,02,城市轨道交通运营管理,运输,,3,13,10600
2023,高职注册入学,春季高考,D321,青岛求实职业技术学院,55,数字媒体技术,数字媒体,,3,55,9400
2023,高职注册入学,春季高考,D321,青岛求实职业技术学院,57,动漫制作技术,数字媒体,,3,6,10800
2023,高职注册入学,春季高考,D321,青岛求实职业技术学院,28,计算机网络技术,网络技术,,3,6,9400
2023,高职注册入学,春季高考,D321,青岛求实职业技术学院,53,计算机应用技术,网络技术,,3,6,9400
2023,高职注册入学,春季高考,D321,青岛求实职业技术学院,31,医学检验技术,医学技术,,3,48,9800
2023,高职注册入学,春季高考,D321,青岛求实职业技术学院,32,医学影像技术,医学技术,,3,10,9800
2023,高职注册入学,春季高考,D321,青岛求实职业技术学院,34,医学美容技术,医学技术,,3,8,9800
2023,高职注册入学,春季高考,D321,青岛求实职业技术学院,59,药学,药学,,3,4,9800
2023,高职注册入学,春季高考,D321,青岛求实职业技术学院,58,护理,护理,,3,155,11800
2023,高职注册入学,春季高考,D321,青岛求实职业技术学院,62,医学影像技术,护理,,3,12,9800
2023,高职注册入学,春季高考,D321,青岛求实职业技术学院,88,医学美容技术,护理,,3,50,9800
2023,高职注册入学,春季高考,D321,青岛求实职业技术学院,21,市场营销,市场营销,,3,7,9400
2023,高职注册入学,春季高考,D321,青岛求实职业技术学院,2C,电子商务(中外合作办学)（与美国汉弗莱斯大学合作）,电子商务,,3,10,20000
2023,高职注册入学,春季高考,D321,青岛求实职业技术学院,66,国际经济与贸易,电子商务,,3,4,9400
2023,高职注册入学,春季高考,D321,青岛求实职业技术学院,68,电子商务,电子商务,,3,3,9400
2023,高职注册入学,春季高考,D321,青岛求实职业技术学院,18,国际经济与贸易,国际商务,,3,5,9400
2023,高职注册入学,春季高考,D321,青岛求实职业技术学院,13,酒店管理与数字化运营,酒店管理,,3,1,9400
2023,高职注册入学,春季高考,D321,青岛求实职业技术学院,04,体育运营与管理,公共服务与管理,,3,6,9800
2023,高职注册入学,春季高考,D321,青岛求实职业技术学院,20,人力资源管理,公共服务与管理,,3,6,9400
2023,高职注册入学,春季高考,D321,青岛求实职业技术学院,37,婴幼儿托育服务与管理,学前教育,,3,165,9400
2023,高职注册入学,春季高考,D321,青岛求实职业技术学院,36,数字媒体艺术设计,艺术设计,,3,2,9600
2023,高职注册入学,春季高考,D321,青岛求实职业技术学院,75,环境艺术设计,艺术设计,,3,1,9600
2023,高职注册入学,春季高考,D324,山东协和学院,68,中医学,医学技术,,3,3,15000
2023,高职注册入学,春季高考,D324,山东协和学院,53,护理,护理,,3,3,12800
2023,高职注册入学,春季高考,D356,山东工程职业技术大学,03,婴幼儿托育服务与管理,学前教育,,3,10,14800
2023,高职注册入学,春季高考,D387,山东外国语职业技术大学,44,数字媒体艺术设计,数字媒体,,3,30,10600
2023,高职注册入学,春季高考,D387,山东外国语职业技术大学,2L,计算机网络技术,网络技术,,3,20,9800
2023,高职注册入学,春季高考,D387,山东外国语职业技术大学,46,早期教育,学前教育,,3,10,10600
2023,高职注册入学,春季高考,D388,潍坊工商职业学院,D6,酒店管理与数字化运营,酒店管理,,3,30,6900
2023,高职注册入学,春季高考,D388,潍坊工商职业学院,P4,婴幼儿托育服务与管理(校企合作，与潍坊辰思文化教育咨询有限公司合,学前教育,,3,5,15000
2023,高职注册入学,春季高考,D388,潍坊工商职业学院,V2,婴幼儿托育服务与管理,学前教育,,3,10,7800
2023,高职注册入学,春季高考,D858,山东旅游职业学院,01,酒店管理与数字化运营,酒店管理,,3,3,5000
2023,高职注册入学,春季高考,D858,山东旅游职业学院,05,旅游管理,旅游管理,,3,10,5000
2023,高职注册入学,春季高考,D859,山东铝业职业学院,70,网络营销与直播电商(校企合作，与山东伯润金服信息科技有限公司合作),网络技术,,3,2,8800
2023,高职注册入学,春季高考,D859,山东铝业职业学院,68,市场营销(校企合作，与山东伯润金服信息科技有限公司合作),市场营销,,3,1,8800
2023,高职注册入学,春季高考,D859,山东铝业职业学院,67,电子商务(校企合作，与山东伯润金服信息科技有限公司合作),电子商务,,3,3,8800
2023,高职注册入学,春季高考,D859,山东铝业职业学院,10,婴幼儿托育服务与管理,学前教育,,3,2,8000
2023,高职注册入学,春季高考,D874,山东外事职业大学,19,数字媒体技术,数字媒体,,3,4,13600
2023,高职注册入学,春季高考,D874,山东外事职业大学,23,动漫制作技术,数字媒体,,3,5,13600
2023,高职注册入学,春季高考,D874,山东外事职业大学,46,视觉传达设计,数字媒体,,3,5,13600
2023,高职注册入学,春季高考,D874,山东外事职业大学,16,计算机应用技术,网络技术,,3,5,9800
2023,高职注册入学,春季高考,D874,山东外事职业大学,18,软件技术,网络技术,,3,5,9800
2023,高职注册入学,春季高考,D874,山东外事职业大学,22,云计算技术应用,网络技术,,3,5,13600
2023,高职注册入学,春季高考,D874,山东外事职业大学,25,护理,护理,,3,30,13600
2023,高职注册入学,春季高考,D874,山东外事职业大学,27,婴幼儿托育服务与管理,学前教育,,3,10,9800
2023,高职注册入学,春季高考,E002,烟台科技学院,16,数字媒体艺术设计,数字媒体,,3,5,12800
2023,高职注册入学,春季高考,E002,烟台科技学院,24,电子商务,电子商务,,3,5,10500
2023,高职注册入学,春季高考,E242,山东理工职业学院,01,机电一体化技术,机电技术,,3,10,5000
2023,高职注册入学,春季高考,E242,山东理工职业学院,08,汽车检测与维修技术,车辆维修,,3,5,6800
2023,高职注册入学,春季高考,E242,山东理工职业学院,69,计算机网络技术,网络技术,,3,10,5000
2023,高职注册入学,春季高考,E242,山东理工职业学院,61,中医康复技术,医学技术,,3,5,5000
2023,高职注册入学,春季高考,E242,山东理工职业学院,41,电子商务,电子商务,,3,10,4800
2023,高职注册入学,春季高考,E242,山东理工职业学院,54,酒店管理与数字化运营,酒店管理,,3,5,4800
2023,高职注册入学,春季高考,E242,山东理工职业学院,51,旅游管理,旅游管理,,3,5,4800
2023,高职注册入学,春季高考,E261,山东文化产业职业学院,E2,健康管理,烹饪,,3,2,9800
2023,高职注册入学,春季高考,E261,山东文化产业职业学院,A0,建筑工程技术,建筑,,3,6,9800
2023,高职注册入学,春季高考,E261,山东文化产业职业学院,N5,机械制造及自动化(校企合作，与宁波菱创自动化科技有限公司合作),机械制造,,3,2,13600
2023,高职注册入学,春季高考,E261,山东文化产业职业学院,A7,智能机电技术,设备维修,,3,3,9800
2023,高职注册入学,春季高考,E261,山东文化产业职业学院,N4,铁道通信与信息化技术(校企合作，与河北华讯科技有限公司合作),机电技术,,3,3,14800
2023,高职注册入学,春季高考,E261,山东文化产业职业学院,N6,机械制造及自动化(校企合作，与宁波菱创自动化科技有限公司合作),自动控制,,3,1,13600
2023,高职注册入学,春季高考,E261,山东文化产业职业学院,N3,铁道通信与信息化技术(校企合作，与河北华讯科技有限公司合作),电子技术,,3,4,14800
2023,高职注册入学,春季高考,E261,山东文化产业职业学院,B3,高速铁路动车组制造与维护,车辆维修,,3,3,9800
2023,高职注册入学,春季高考,E261,山东文化产业职业学院,B6,新能源汽车技术,车辆维修,,3,3,9800
2023,高职注册入学,春季高考,E261,山东文化产业职业学院,C4,城市轨道交通运营管理,运输,,3,1,11800
2023,高职注册入学,春季高考,E261,山东文化产业职业学院,G3,艺术设计,数字媒体,,3,10,10800
2023,高职注册入学,春季高考,E261,山东文化产业职业学院,G4,数字媒体艺术设计,数字媒体,,3,65,10800
2023,高职注册入学,春季高考,E261,山东文化产业职业学院,H2,新闻采编与制作,数字媒体,,3,18,8800
2023,高职注册入学,春季高考,E261,山东文化产业职业学院,H4,摄影摄像技术,数字媒体,,3,15,11980
2023,高职注册入学,春季高考,E261,山东文化产业职业学院,P3,摄影摄像技术(校企合作，与浙江大兴影业集团有限公司合作),数字媒体,,3,2,29980
2023,高职注册入学,春季高考,E261,山东文化产业职业学院,C8,计算机网络技术,网络技术,,3,30,11800
2023,高职注册入学,春季高考,E261,山东文化产业职业学院,D3,人工智能技术应用,网络技术,,3,10,11800
2023,高职注册入学,春季高考,E261,山东文化产业职业学院,M1,大数据技术(校企合作，与宁波菱创自动化科技有限公司合作),网络技术,,3,30,14600
2023,高职注册入学,春季高考,E261,山东文化产业职业学院,C7,物联网应用技术,软件与应用技术,,3,6,11800
2023,高职注册入学,春季高考,E261,山东文化产业职业学院,D2,人工智能技术应用,软件与应用技术,,3,4,11800
2023,高职注册入学,春季高考,E261,山东文化产业职业学院,E0,健康大数据管理与服务,医学技术,,3,8,9800
2023,高职注册入学,春季高考,E261,山东文化产业职业学院,D9,康复治疗技术,药学,,3,4,9800
2023,高职注册入学,春季高考,E261,山东文化产业职业学院,D8,康复治疗技术,护理,,3,15,9800
2023,高职注册入学,春季高考,E261,山东文化产业职业学院,E1,健康大数据管理与服务,护理,,3,8,9800
2023,高职注册入学,春季高考,E261,山东文化产业职业学院,E6,大数据与会计,财税,,3,7,8800
2023,高职注册入学,春季高考,E261,山东文化产业职业学院,K7,现代文秘,财税,,3,1,8800
2023,高职注册入学,春季高考,E261,山东文化产业职业学院,E8,商务管理,市场营销,,3,1,8800
2023,高职注册入学,春季高考,E261,山东文化产业职业学院,F0,市场营销,市场营销,,3,5,8800
2023,高职注册入学,春季高考,E261,山东文化产业职业学院,H1,公共文化服务与管理,市场营销,,3,1,7980
2023,高职注册入学,春季高考,E261,山东文化产业职业学院,L8,网络直播与运营(校企合作，与杭州时光坐标影视传媒有限公司合作),市场营销,,3,2,14980
2023,高职注册入学,春季高考,E261,山东文化产业职业学院,E9,商务管理,电子商务,,3,2,8800
2023,高职注册入学,春季高考,E261,山东文化产业职业学院,F1,市场营销,电子商务,,3,2,8800
2023,高职注册入学,春季高考,E261,山东文化产业职业学院,F2,跨境电子商务,电子商务,,3,5,9800
2023,高职注册入学,春季高考,E261,山东文化产业职业学院,F5,铁路物流管理,电子商务,,3,1,9800
2023,高职注册入学,春季高考,E261,山东文化产业职业学院,K1,应用日语,电子商务,,3,2,9800
2023,高职注册入学,春季高考,E261,山东文化产业职业学院,L6,融媒体技术与运营(校企合作，与烟台新方向文化艺术交流有限公司合作),电子商务,,3,2,13800
2023,高职注册入学,春季高考,E261,山东文化产业职业学院,F3,跨境电子商务,国际商务,,3,5,9800
2023,高职注册入学,春季高考,E261,山东文化产业职业学院,F4,铁路物流管理,物流管理,,3,1,9800
2023,高职注册入学,春季高考,E261,山东文化产业职业学院,C2,空中乘务,酒店管理,,3,1,12800
2023,高职注册入学,春季高考,E261,山东文化产业职业学院,C5,城市轨道交通运营管理,酒店管理,,3,1,11800
2023,高职注册入学,春季高考,E261,山东文化产业职业学院,F8,酒店管理与数字化运营,酒店管理,,3,4,7980
2023,高职注册入学,春季高考,E261,山东文化产业职业学院,F9,酒店管理与数字化运营,旅游管理,,3,2,7980
2023,高职注册入学,春季高考,E261,山东文化产业职业学院,G1,会展策划与管理,公共服务与管理,,3,2,9800
2023,高职注册入学,春季高考,E261,山东文化产业职业学院,K2,民族传统体育,公共服务与管理,,3,1,9800
2023,高职注册入学,春季高考,E261,山东文化产业职业学院,E4,婴幼儿托育服务与管理,学前教育,,3,65,9800
2023,高职注册入学,春季高考,E261,山东文化产业职业学院,L3,婴幼儿托育服务与管理(校企合作，与北京京师紫荆教育有限公司合作),学前教育,,3,49,12800
2023,高职注册入学,春季高考,E261,山东文化产业职业学院,D5,动漫制作技术,艺术设计,,3,1,12800
2023,高职注册入学,春季高考,E261,山东文化产业职业学院,G6,环境艺术设计,艺术设计,,3,6,10800
2023,高职注册入学,春季高考,E327,青岛电影学院,31,影视制片管理,市场营销,,3,13,20000
2023,高职注册入学,春季高考,E346,山东海事职业学院,1E,机电一体化技术,机电技术,,3,5,7900
2023,高职注册入学,春季高考,E346,山东海事职业学院,4E,无人机应用技术,机电技术,,3,2,7900
2023,高职注册入学,春季高考,E346,山东海事职业学院,4G,工业机器人技术,机电技术,,3,10,7900
2023,高职注册入学,春季高考,E346,山东海事职业学院,6E,新能源装备技术,机电技术,,3,2,6900
2023,高职注册入学,春季高考,E346,山东海事职业学院,3A,船舶电子电气技术（建议男生报考）,电子技术,,3,2,7900
2023,高职注册入学,春季高考,E346,山东海事职业学院,5K,机场运行服务与管理,车辆维修,,3,2,7900
2023,高职注册入学,春季高考,E346,山东海事职业学院,3J,数字媒体技术,数字媒体,,3,17,7900
2023,高职注册入学,春季高考,E346,山东海事职业学院,3L,中医康复技术,医学技术,,3,3,7900
2023,高职注册入学,春季高考,E346,山东海事职业学院,4M,智慧健康养老服务与管理,医学技术,,3,6,6900
2023,高职注册入学,春季高考,E346,山东海事职业学院,1L,健康管理,护理,,3,5,7900
2023,高职注册入学,春季高考,E346,山东海事职业学院,2M,智慧健康养老服务与管理,护理,,3,2,6900
2023,高职注册入学,春季高考,E346,山东海事职业学院,1C,大数据与会计,财税,,3,4,7900
2023,高职注册入学,春季高考,E346,山东海事职业学院,2C,金融服务与管理,财税,,3,2,6900
2023,高职注册入学,春季高考,E346,山东海事职业学院,1J,电子商务,电子商务,,3,6,7900
2023,高职注册入学,春季高考,E346,山东海事职业学院,9C,现代物流管理,电子商务,,3,3,6900
2023,高职注册入学,春季高考,E346,山东海事职业学院,1B,国际邮轮乘务管理,酒店管理,,3,5,6900
2023,高职注册入学,春季高考,E346,山东海事职业学院,1K,空中乘务,酒店管理,,3,1,7900
2023,高职注册入学,春季高考,E346,山东海事职业学院,3B,酒店管理与数字化运营,酒店管理,,3,2,6900
2023,高职注册入学,春季高考,E346,山东海事职业学院,2B,旅游管理,旅游管理,,3,5,6900
2023,高职注册入学,春季高考,E346,山东海事职业学院,7K,高速铁路客运服务,旅游管理,,3,1,7900
2023,高职注册入学,春季高考,E346,山东海事职业学院,1M,婴幼儿托育服务与管理,学前教育,,3,2,7900
2023,高职注册入学,春季高考,E347,潍坊护理职业学院,06,医学检验技术,医学技术,,3,2,6000
2023,高职注册入学,春季高考,E347,潍坊护理职业学院,07,医学影像技术,医学技术,,3,1,6000
2023,高职注册入学,春季高考,E347,潍坊护理职业学院,10,康复治疗技术,医学技术,,3,2,6900
2023,高职注册入学,春季高考,E347,潍坊护理职业学院,01,护理,护理,,3,33,6900
2023,高职注册入学,春季高考,E347,潍坊护理职业学院,12,婴幼儿托育服务与管理,学前教育,,3,1,6000
2023,高职注册入学,春季高考,E477,菏泽职业学院,2W,机电一体化技术,机电技术,,3,2,5000
2023,高职注册入学,春季高考,E477,菏泽职业学院,2X,智能制造装备技术,机电技术,,3,3,5000
2023,高职注册入学,春季高考,E477,菏泽职业学院,2M,计算机应用技术,软件与应用技术,,3,8,5000
2023,高职注册入学,春季高考,E477,菏泽职业学院,2G,音乐表演,学前教育,,3,5,4800
2023,高职注册入学,春季高考,E477,菏泽职业学院,3T,婴幼儿托育服务与管理,学前教育,,3,10,4800
2023,高职注册入学,春季高考,E506,山东艺术设计职业学院,21,建筑装饰工程技术,建筑,,3,2,13000
2023,高职注册入学,春季高考,E506,山东艺术设计职业学院,71,影视动画,数字媒体,,3,20,13000
2023,高职注册入学,春季高考,E506,山东艺术设计职业学院,A1,虚拟现实技术应用,网络技术,,3,2,13000
2023,高职注册入学,春季高考,E506,山东艺术设计职业学院,AX,虚拟现实技术应用(校企合作，与北京凯文教育集团合作),网络技术,,3,30,15800
2023,高职注册入学,春季高考,E506,山东艺术设计职业学院,C1,软件技术,软件与应用技术,,3,2,11900
2023,高职注册入学,春季高考,E506,山东艺术设计职业学院,P1,智慧健康养老服务与管理,护理,,3,8,13000
2023,高职注册入学,春季高考,E506,山东艺术设计职业学院,M1,空中乘务,酒店管理,,3,1,13000
2023,高职注册入学,春季高考,E506,山东艺术设计职业学院,N1,婴幼儿托育服务与管理,学前教育,,3,60,13000
2023,高职注册入学,春季高考,E605,日照航海工程职业学院,2D,计算机网络技术(校企合作，与欣源根（山东）科技信息集团有限公司合,数字媒体,,3,10,13300
2023,高职注册入学,春季高考,E605,日照航海工程职业学院,2C,计算机网络技术(校企合作，与欣源根（山东）科技信息集团有限公司合,网络技术,,3,15,13300
2023,高职注册入学,春季高考,E605,日照航海工程职业学院,2F,信息安全技术应用(校企合作，与三六零数字安全科技集团有限公司合作),网络技术,,3,10,13300
2023,高职注册入学,春季高考,E605,日照航海工程职业学院,1D,药品经营与管理,医学技术,,3,15,8800
2023,高职注册入学,春季高考,E605,日照航海工程职业学院,2G,电子商务(校企合作，与山东大唛银科教育科技有限公司合作),电子商务,,3,10,12800
2023,高职注册入学,春季高考,E709,青岛航空科技职业学院,57,通用航空器维修,车辆维修,,3,2,14900
2023,高职注册入学,春季高考,E709,青岛航空科技职业学院,82,计算机应用技术,数字媒体,,3,40,9900
2023,高职注册入学,春季高考,E709,青岛航空科技职业学院,86,跨境电子商务,数字媒体,,3,20,9900
2023,高职注册入学,春季高考,E709,青岛航空科技职业学院,61,计算机应用技术,网络技术,,3,20,9900
2023,高职注册入学,春季高考,E709,青岛航空科技职业学院,63,大数据与会计,财税,,3,2,9900
2023,高职注册入学,春季高考,E709,青岛航空科技职业学院,85,现代物流管理,市场营销,,3,3,9900
2023,高职注册入学,春季高考,E709,青岛航空科技职业学院,65,跨境电子商务,电子商务,,3,2,9900
2023,高职注册入学,春季高考,E709,青岛航空科技职业学院,45,空中乘务,酒店管理,,3,2,14900
2023,高职注册入学,春季高考,E710,潍坊环境工程职业学院,22,工业机器人技术,机械制造,,3,3,6800
2023,高职注册入学,春季高考,E710,潍坊环境工程职业学院,28,智能机电技术,机械制造,,3,2,5000
2023,高职注册入学,春季高考,E710,潍坊环境工程职业学院,21,工业机器人技术,机电技术,,3,3,6800
2023,高职注册入学,春季高考,E710,潍坊环境工程职业学院,27,智能机电技术,机电技术,,3,3,5000
2023,高职注册入学,春季高考,E710,潍坊环境工程职业学院,35,热能动力工程技术,机电技术,,3,5,8800
2023,高职注册入学,春季高考,E710,潍坊环境工程职业学院,36,热能动力工程技术,电气技术,,3,5,8800
2023,高职注册入学,春季高考,E710,潍坊环境工程职业学院,37,物联网应用技术,电子技术,,3,1,6800
2023,高职注册入学,春季高考,E710,潍坊环境工程职业学院,55,数字媒体艺术设计,数字媒体,,3,6,8800
2023,高职注册入学,春季高考,E710,潍坊环境工程职业学院,38,物联网应用技术,网络技术,,3,2,6800
2023,高职注册入学,春季高考,E710,潍坊环境工程职业学院,44,大数据技术,网络技术,,3,1,6800
2023,高职注册入学,春季高考,E710,潍坊环境工程职业学院,46,信息安全技术应用,网络技术,,3,5,5000
2023,高职注册入学,春季高考,E710,潍坊环境工程职业学院,43,大数据技术,软件与应用技术,,3,1,6800
2023,高职注册入学,春季高考,E710,潍坊环境工程职业学院,45,信息安全技术应用,软件与应用技术,,3,5,5000
2023,高职注册入学,春季高考,E710,潍坊环境工程职业学院,56,数字媒体艺术设计,软件与应用技术,,3,6,8800
2023,高职注册入学,春季高考,E710,潍坊环境工程职业学院,59,中医康复技术,医学技术,,3,5,8800
2023,高职注册入学,春季高考,E710,潍坊环境工程职业学院,60,中医康复技术,护理,,3,5,8800
2023,高职注册入学,春季高考,E749,滨州科技职业学院,02,无人机应用技术,机电技术,,3,2,11800
2023,高职注册入学,春季高考,E749,滨州科技职业学院,06,电气自动化技术,机电技术,,3,2,11800
2023,高职注册入学,春季高考,E749,滨州科技职业学院,1U,机电一体化技术,机电技术,,3,2,11800
2023,高职注册入学,春季高考,E749,滨州科技职业学院,1V,机电一体化技术,电子技术,,3,3,11800
2023,高职注册入学,春季高考,E749,滨州科技职业学院,03,新能源汽车技术,车辆维修,,3,2,11800
2023,高职注册入学,春季高考,E749,滨州科技职业学院,09,数字媒体技术,数字媒体,,3,8,9800
2023,高职注册入学,春季高考,E749,滨州科技职业学院,11,计算机应用技术,数字媒体,,3,10,8800
2023,高职注册入学,春季高考,E749,滨州科技职业学院,08,人工智能技术应用,网络技术,,3,8,10800
2023,高职注册入学,春季高考,E749,滨州科技职业学院,4N,法律事务（和滨州市公安局联合培养。建议男生报考，女生慎报。身体条件有相应要求，详细查看学校招生网站或详询学校）,网络技术,,3,15,8800
2023,高职注册入学,春季高考,E749,滨州科技职业学院,10,计算机应用技术,软件与应用技术,,3,2,8800
2023,高职注册入学,春季高考,E749,滨州科技职业学院,14,康复治疗技术,医学技术,,3,4,12800
2023,高职注册入学,春季高考,E749,滨州科技职业学院,4K,眼视光技术,医学技术,,3,18,8800
2023,高职注册入学,春季高考,E749,滨州科技职业学院,15,康复治疗技术,护理,,3,27,12800
2023,高职注册入学,春季高考,E749,滨州科技职业学院,0W,网络营销与直播电商(校企合作，与中科启智(山东)信息有限公司合作),市场营销,,3,2,13800
2023,高职注册入学,春季高考,E749,滨州科技职业学院,29,网络营销与直播电商,市场营销,,3,2,8800
2023,高职注册入学,春季高考,E749,滨州科技职业学院,0S,电子商务(校企合作，与中科启智(山东)信息有限公司合作),电子商务,,3,3,13800
2023,高职注册入学,春季高考,E749,滨州科技职业学院,26,电子商务,电子商务,,3,5,7800
2023,高职注册入学,春季高考,E749,滨州科技职业学院,30,现代物流管理,物流管理,,3,2,7800
2023,高职注册入学,春季高考,E749,滨州科技职业学院,20,婴幼儿托育服务与管理,学前教育,,3,45,10800
2023,高职注册入学,春季高考,E810,潍坊食品科技职业学院,E1,数字媒体艺术设计,数字媒体,,3,4,6800
2023,高职注册入学,春季高考,E810,潍坊食品科技职业学院,F1,计算机应用技术,网络技术,,3,3,6800
2023,高职注册入学,春季高考,E810,潍坊食品科技职业学院,F2,计算机应用技术,软件与应用技术,,3,2,6800
2023,高职注册入学,春季高考,E810,潍坊食品科技职业学院,C2,康复工程技术,医学技术,,3,5,6800
2023,高职注册入学,春季高考,E810,潍坊食品科技职业学院,C1,康复工程技术,护理,,3,3,6800
2023,高职注册入学,春季高考,E810,潍坊食品科技职业学院,E2,数字媒体艺术设计,电子商务,,3,4,6800
2023,高职注册入学,春季高考,E811,烟台城市科技职业学院,0C,计算机网络技术,数字媒体,,3,8,8800
2023,高职注册入学,春季高考,E811,烟台城市科技职业学院,2C,计算机网络技术,网络技术,,3,8,8800
2023,高职注册入学,春季高考,E811,烟台城市科技职业学院,0J,康复治疗技术,护理,,3,10,8800
