year,round,major_code,major_name,school_code,school_name,plan_count,min_rank
2025,3,02,口腔医学,A442,山东医学高等专科学校,2,200663
2025,3,03,护理,A442,山东医学高等专科学校,3,264172
2025,3,10,医学检验技术,A442,山东医学高等专科学校,1,205285
2025,3,39,护理,A442,山东医学高等专科学校,1,202747
2025,3,47,医学影像技术,A442,山东医学高等专科学校,1,229135
2025,3,30,药学,A825,齐鲁医药学院,1,269957
2025,3,61,护理,A868,青岛滨海学院,1,247600
2025,3,72,应用英语,A868,青岛滨海学院,18,653481
2025,3,73,应用韩语,A868,青岛滨海学院,6,646655
2025,3,74,应用日语,A868,青岛滨海学院,504,675925
2025,3,34,舞蹈教育(中外合作办学)(师范类),B824,桂林师范学院,2,368835
2025,3,35,音乐教育(中外合作办学)(师范类),B824,桂林师范学院,3,520884
2025,3,01,护理,B841,民办四川天一学院,19,634344
2025,3,02,药学,B841,民办四川天一学院,11,657802
2025,3,06,中药学,B841,民办四川天一学院,3,592973
2025,3,07,医学检验技术,B841,民办四川天一学院,14,662702
2025,3,08,医学影像技术,B841,民办四川天一学院,7,654384
2025,3,09,口腔医学技术,B841,民办四川天一学院,7,629473
2025,3,11,婴幼儿托育服务与管理,B841,民办四川天一学院,5,667400
2025,3,25,物联网应用技术,B841,民办四川天一学院,4,661690
2025,3,30,工商企业管理,B841,民办四川天一学院,8,671067
2025,3,40,动漫制作技术,B841,民办四川天一学院,2,615049
2025,3,43,康复治疗技术,B841,民办四川天一学院,2,640140
2025,3,4J,智慧健康养老服务与管理,B964,邢台医学院,1,201026
2025,3,4A,护理,C054,九州职业技术学院,8,636567
2025,3,02,建筑设计,C070,曲阜远东职业技术学院,8,584360
2025,3,03,建筑装饰工程技术,C070,曲阜远东职业技术学院,49,638573
2025,3,04,古建筑工程技术,C070,曲阜远东职业技术学院,46,661243
2025,3,11,食品智能加工技术,C070,曲阜远东职业技术学院,31,647175
2025,3,19,大数据技术,C070,曲阜远东职业技术学院,33,616755
2025,3,20,现代通信技术,C070,曲阜远东职业技术学院,9,597367
2025,3,22,集成电路技术,C070,曲阜远东职业技术学院,7,580299
2025,3,37,电子商务,C070,曲阜远东职业技术学院,6,587677
2025,3,38,网络营销与直播电商,C070,曲阜远东职业技术学院,5,586269
2025,3,39,旅游管理,C070,曲阜远东职业技术学院,25,638461
2025,3,40,酒店管理与数字化运营,C070,曲阜远东职业技术学院,66,672180
2025,3,41,餐饮智能管理,C070,曲阜远东职业技术学院,65,681029
2025,3,43,环境艺术设计,C070,曲阜远东职业技术学院,14,642361
2025,3,44,书画艺术,C070,曲阜远东职业技术学院,1,506754
2025,3,46,雕刻艺术设计,C070,曲阜远东职业技术学院,14,661759
2025,3,47,陶瓷设计与工艺,C070,曲阜远东职业技术学院,15,668172
2025,3,48,音乐表演,C070,曲阜远东职业技术学院,15,680055
2025,3,49,舞蹈表演,C070,曲阜远东职业技术学院,20,679115
2025,3,52,网络新闻与传播,C070,曲阜远东职业技术学院,23,666277
2025,3,54,融媒体技术与运营,C070,曲阜远东职业技术学院,33,643385
2025,3,55,网络直播与运营,C070,曲阜远东职业技术学院,31,645247
2025,3,58,社区管理与服务,C070,曲阜远东职业技术学院,29,645515
2025,3,C8,高分子合成技术,C332,烟台南山学院,94,587956
2025,3,D2,高分子材料智能制造技术,C332,烟台南山学院,6,529018
2025,3,D7,工程造价,C332,烟台南山学院,64,600199
2025,3,D9,商务数据分析与应用,C332,烟台南山学院,5,563690
2025,3,E4,现代家用纺织品设计,C332,烟台南山学院,36,606908
2025,3,E6,商务英语,C332,烟台南山学院,28,602605
2025,3,E8,智能建造技术,C332,烟台南山学院,25,599422
2025,3,E9,食品生物技术,C332,烟台南山学院,92,600392
2025,3,F4,大数据技术,C332,烟台南山学院,73,605053
2025,3,F9,软件技术,C332,烟台南山学院,24,576328
2025,3,G1,婴幼儿托育服务与管理,C332,烟台南山学院,67,627192
2025,3,0C,集成电路技术,C336,贵州电子信息职业技术学院,1,287776
2025,3,0D,电子商务,C336,贵州电子信息职业技术学院,4,332935
2025,3,0E,现代物流管理,C336,贵州电子信息职业技术学院,1,290416
2025,3,50,建筑工程技术,C560,云南经济管理学院,4,670456
2025,3,52,高速铁路客运服务,C560,云南经济管理学院,1,635543
2025,3,58,计算机应用技术,C560,云南经济管理学院,4,631263
2025,3,63,小学教育,C560,云南经济管理学院,2,632656
2025,3,65,护理,C560,云南经济管理学院,3,672931
2025,3,01,护理,C564,北京北大方正软件职业技术学院,8,657879
2025,3,04,软件技术,C564,北京北大方正软件职业技术学院,1,505655
2025,3,43,助产,C662,张家界学院,3,679148
2025,3,46,商务英语,C662,张家界学院,1,559684
2025,3,56,旅游管理,C713,西安外事学院,1,342475
2025,3,08,现代物流管理,C717,三亚城市职业学院,3,575511
2025,3,09,智慧健康养老服务与管理,C717,三亚城市职业学院,2,655789
2025,3,10,人力资源管理,C717,三亚城市职业学院,3,632659
2025,3,17,婴幼儿托育服务与管理,C717,三亚城市职业学院,8,676315
2025,3,68,大数据与会计(中外合作办学),C717,三亚城市职业学院,8,680610
2025,3,06,学前教育(师范类),C727,黑龙江农垦职业学院,3,327605
2025,3,08,婴幼儿托育服务与管理,C727,黑龙江农垦职业学院,6,412920
2025,3,0M,智慧旅游技术应用,C754,重庆海联职业技术学院,1,604514
2025,3,0P,工程造价,C754,重庆海联职业技术学院,1,574172
2025,3,0T,社会体育,C754,重庆海联职业技术学院,1,580806
2025,3,0U,药品经营与管理,C754,重庆海联职业技术学院,1,634346
2025,3,80,婴幼儿托育服务与管理,C755,重庆信息技术职业学院,1,578245
2025,3,22,护理,C783,石家庄城市经济职业学院,6,621412
2025,3,75,助产,C795,南昌理工学院,6,670114
2025,3,A1,汽车智能技术,C795,南昌理工学院,2,407613
2025,3,59,护理,C832,兰州外语职业学院,1,634214
2025,3,63,智能机器人技术,C832,兰州外语职业学院,2,613841
2025,3,66,口腔医学技术,C832,兰州外语职业学院,11,671974
2025,3,67,药学,C832,兰州外语职业学院,4,679681
2025,3,80,人工智能技术应用,C832,兰州外语职业学院,2,632450
2025,3,28,大数据技术,C842,德州科技职业学院,33,585391
2025,3,29,云计算技术应用,C842,德州科技职业学院,16,590602
2025,3,30,信息安全技术应用,C842,德州科技职业学院,17,594921
2025,3,01,大数据与会计,C850,贵州城市职业学院,6,667427
2025,3,08,工程造价,C850,贵州城市职业学院,3,657484
2025,3,11,无人机测绘技术,C850,贵州城市职业学院,6,677206
2025,3,17,汽车制造与试验技术,C850,贵州城市职业学院,8,634327
2025,3,23,护理,C850,贵州城市职业学院,12,680206
2025,3,25,康复治疗技术,C850,贵州城市职业学院,10,675773
2025,3,32,歌舞表演(舞蹈表演方向),C850,贵州城市职业学院,29,619893
2025,3,26,产品艺术设计,C927,泉州华光职业学院,2,673147
2025,3,13,软件技术,C945,山东圣翰财贸职业学院,27,600176
2025,3,35,财税大数据应用,C945,山东圣翰财贸职业学院,34,659968
2025,3,42,大数据技术,C945,山东圣翰财贸职业学院,31,629590
2025,3,43,计算机网络技术,C945,山东圣翰财贸职业学院,3,560460
2025,3,44,计算机应用技术,C945,山东圣翰财贸职业学院,1,273164
2025,3,35,软件技术,C961,广东亚视演艺职业学院,1,636676
2025,3,39,信息安全技术应用,C961,广东亚视演艺职业学院,1,643573
2025,3,41,物联网应用技术,C961,广东亚视演艺职业学院,1,679518
2025,3,45,学前教育,C961,广东亚视演艺职业学院,1,678175
2025,3,57,药学,C961,广东亚视演艺职业学院,1,628300
2025,3,35,护理,C963,四川托普信息技术职业学院,3,620188
2025,3,01,护理,C964,四川国际标榜职业学院,3,679772
2025,3,20,软件技术(互联网游戏动漫开发),C964,四川国际标榜职业学院,1,534567
2025,3,21,影视多媒体技术(媒体创意与策划),C964,四川国际标榜职业学院,3,678295
2025,3,43,中文,C964,四川国际标榜职业学院,5,677247
2025,3,YH,人工智能技术应用,C964,四川国际标榜职业学院,3,680409
2025,3,A3,市场营销,D006,山东英才学院,18,661192
2025,3,A4,现代物流管理,D006,山东英才学院,23,670112
2025,3,B2,工程造价,D006,山东英才学院,20,678809
2025,3,B3,建设工程监理,D006,山东英才学院,32,680096
2025,3,B4,建筑工程技术,D006,山东英才学院,24,680872
2025,3,B6,工商企业管理,D006,山东英才学院,1,365237
2025,3,C5,大数据技术,D006,山东英才学院,10,622336
2025,3,D0,商务英语,D006,山东英才学院,24,680272
2025,3,D7,旅游管理,D006,山东英才学院,14,678398
2025,3,E2,早期教育,D006,山东英才学院,35,679620
2025,3,Q2,汽车制造与试验技术,D007,东营科技职业学院,1,256052
2025,3,2W,建筑消防技术,D015,青岛恒星科技学院,21,679560
2025,3,2X,建筑工程技术,D015,青岛恒星科技学院,51,680476
2025,3,2Y,工程造价,D015,青岛恒星科技学院,41,680966
2025,3,36,关务与外贸服务,D015,青岛恒星科技学院,29,664721
2025,3,38,市场营销,D015,青岛恒星科技学院,8,678220
2025,3,39,连锁经营与管理,D015,青岛恒星科技学院,25,681095
2025,3,3A,金融服务与管理,D015,青岛恒星科技学院,19,676208
2025,3,3D,旅游管理,D015,青岛恒星科技学院,33,679282
2025,3,3F,应用日语,D015,青岛恒星科技学院,8,634022
2025,3,3G,应用韩语,D015,青岛恒星科技学院,33,670376
2025,3,3J,早期教育,D015,青岛恒星科技学院,19,680719
2025,3,3K,婴幼儿托育服务与管理,D015,青岛恒星科技学院,20,678789
2025,3,0L,人工智能技术应用,D041,长沙南方职业学院,2,578574
2025,3,0M,动漫制作技术,D041,长沙南方职业学院,2,634152
2025,3,01,体育教育,D042,潇湘职业学院,1,495960
2025,3,03,体育保健与康复,D042,潇湘职业学院,1,599845
2025,3,06,智慧健康养老服务与管理,D042,潇湘职业学院,2,675011
2025,3,13,电子商务,D042,潇湘职业学院,2,677369
2025,3,14,汽车检测与维修技术,D042,潇湘职业学院,1,600243
2025,3,22,人工智能技术应用,D042,潇湘职业学院,1,664219
2025,3,13,建筑工程技术,D113,江海职业技术学院,1,633517
2025,3,62,建设工程管理(BIM方向),D121,西安思源学院,2,654046
2025,3,85,学前教育,D121,西安思源学院,3,672981
2025,3,22,建筑室内设计,D122,西安高新科技职业学院,1,573590
2025,3,03,建筑室内设计,D124,西安城市建设职业学院,1,541322
2025,3,05,建筑工程技术,D124,西安城市建设职业学院,2,634741
2025,3,07,工程造价,D124,西安城市建设职业学院,1,591621
2025,3,37,学前教育,D124,西安城市建设职业学院,3,656375
2025,3,38,计算机网络技术,D125,陕西服装工程学院,3,593645
2025,3,40,大数据技术,D125,陕西服装工程学院,7,579249
2025,3,72,人工智能技术应用,D125,陕西服装工程学院,4,661245
2025,3,25,护理(高职3+2贯通培养，衔接山东石油化工学院护理学专业),D316,山东胜利职业学院,1,194181
2025,3,62,工程造价,D320,青岛黄海学院,9,624739
2025,3,67,口腔医学,D320,青岛黄海学院,2,454477
2025,3,70,大数据与财务管理,D320,青岛黄海学院,48,673801
2025,3,73,早期教育,D320,青岛黄海学院,9,674531
2025,3,B7,电子商务(中外合作办学)(与美国汉弗莱斯大学合作),D321,青岛求实职业技术学院,1,543849
2025,3,78,早期教育,D324,山东协和学院,2,548168
2025,3,B7,软件技术,D330,昆明城市学院,1,372087
2025,3,B8,信息安全技术应用,D330,昆明城市学院,4,660211
2025,3,C3,视觉传达设计,D333,昆明传媒学院,1,675923
2025,3,C5,融媒体技术与运营,D333,昆明传媒学院,3,667114
2025,3,C7,全媒体广告策划与营销,D333,昆明传媒学院,4,680201
2025,3,E5,社会体育,D333,昆明传媒学院,2,609309
2025,3,30,现代移动通信技术,D356,山东工程职业技术大学,6,574361
2025,3,32,移动应用开发,D356,山东工程职业技术大学,25,675762
2025,3,38,民航运输服务,D356,山东工程职业技术大学,92,681075
2025,3,55,应用韩语,D359,烟台理工学院,4,668533
2025,3,56,软件技术,D359,烟台理工学院,11,680772
2025,3,44,工程造价,D378,青岛城市学院,3,570528
2025,3,45,建筑工程技术,D378,青岛城市学院,36,664513
2025,3,46,建筑设计,D378,青岛城市学院,21,677903
2025,3,A6,民航安全技术管理,D388,潍坊工商职业学院,1,560252
2025,3,A7,汽车技术服务与营销,D388,潍坊工商职业学院,4,540603
2025,3,B1,通用航空航务技术,D388,潍坊工商职业学院,17,646973
2025,3,B2,通用航空器维修,D388,潍坊工商职业学院,14,648868
2025,3,C9,城市轨道交通运营管理,D388,潍坊工商职业学院,58,659926
2025,3,D3,市场营销,D388,潍坊工商职业学院,3,566844
2025,3,E2,工程造价,D388,潍坊工商职业学院,2,575219
2025,3,E7,食品智能加工技术,D388,潍坊工商职业学院,38,620746
2025,3,E9,休闲农业经营与管理,D388,潍坊工商职业学院,27,596987
2025,3,F1,餐饮智能管理,D388,潍坊工商职业学院,30,641763
2025,3,F3,建筑装饰工程技术,D388,潍坊工商职业学院,32,633622
2025,3,H4,空中乘务,D388,潍坊工商职业学院,53,681093
2025,3,K1,大数据技术,D388,潍坊工商职业学院,1,522439
2025,3,K2,电子信息工程技术,D388,潍坊工商职业学院,10,608660
2025,3,K4,计算机应用技术,D388,潍坊工商职业学院,4,539397
2025,3,K7,软件技术,D388,潍坊工商职业学院,95,681039
2025,3,K8,物联网应用技术,D388,潍坊工商职业学院,16,595084
2025,3,31,邮政快递运营管理,D397,石家庄邮电职业技术学院,3,273949
2025,3,3B,邮政快递运营管理,D397,石家庄邮电职业技术学院,1,269616
2025,3,0R,药品经营与管理,D403,石家庄科技信息职业学院,3,588220
2025,3,1D,网络规划与优化技术,D403,石家庄科技信息职业学院,4,674136
2025,3,1K,人工智能技术应用,D403,石家庄科技信息职业学院,1,569917
2025,3,1L,人工智能技术应用(新工业智能化方向),D403,石家庄科技信息职业学院,3,588608
2025,3,47,电子竞技运动与管理,D419,江西科技职业学院,1,420623
2025,3,02,汽车检测与维修技术,D526,桂林山水职业学院,4,609524
2025,3,03,智能机器人技术,D541,山西信息职业技术学院,15,678207
2025,3,09,数字媒体技术,D541,山西信息职业技术学院,8,674359
2025,3,0D,人工智能技术应用,D541,山西信息职业技术学院,8,541937
2025,3,S1,风景园林设计,D599,大连艺术学院,2,576359
2025,3,43,软件技术,D624,泰山科技学院,17,680279
2025,3,44,大数据技术,D624,泰山科技学院,15,678442
2025,3,45,虚拟现实技术应用,D624,泰山科技学院,25,678121
2025,3,50,智能控制技术,D624,泰山科技学院,24,679466
2025,3,53,智能网联汽车技术,D624,泰山科技学院,16,677708
2025,3,54,建筑工程技术,D624,泰山科技学院,29,663766
2025,3,55,智能建造技术,D624,泰山科技学院,33,667238
2025,3,56,工程造价,D624,泰山科技学院,55,676136
2025,3,57,建设工程管理,D624,泰山科技学院,30,675598
2025,3,58,市政工程技术,D624,泰山科技学院,38,659990
2025,3,59,电子信息工程技术,D624,泰山科技学院,6,667648
2025,3,60,物联网应用技术,D624,泰山科技学院,28,675314
2025,3,61,智能产品开发与应用,D624,泰山科技学院,46,678518
2025,3,62,人工智能技术应用,D624,泰山科技学院,1,500639
2025,3,63,智能互联网络技术,D624,泰山科技学院,17,678302
2025,3,65,大数据与财务管理,D624,泰山科技学院,40,680765
2025,3,67,大数据与审计,D624,泰山科技学院,45,678282
2025,3,68,国际经济与贸易,D624,泰山科技学院,4,679446
2025,3,69,商务管理,D624,泰山科技学院,10,670494
2025,3,70,市场营销,D624,泰山科技学院,17,673671
2025,3,72,旅游管理,D624,泰山科技学院,24,670813
2025,3,46,婴幼儿托育服务与管理,D672,四川工商学院,2,653565
2025,3,K2,集成电路技术,D682,西安工商学院,2,658692
2025,3,K5,跨境电子商务,D682,西安工商学院,3,651530
2025,3,K8,人力资源管理,D682,西安工商学院,1,618957
2025,3,01,中文,D715,广州涉外经济职业技术学院,3,675590
2025,3,05,跨境电子商务,D715,广州涉外经济职业技术学院,2,647154
2025,3,D0,汽车造型与改装技术,D738,西安汽车职业大学,1,427579
2025,3,GE,影视编导(双语教学),D747,上海电影艺术职业学院,5,643160
2025,3,11,汽车电子技术,D750,金山职业技术学院,3,638942
2025,3,13,汽车技术服务与营销,D750,金山职业技术学院,3,672608
2025,3,19,婴幼儿托育服务与管理,D750,金山职业技术学院,3,680639
2025,3,22,市场营销,D750,金山职业技术学院,1,660330
2025,3,25,旅游管理,D750,金山职业技术学院,2,678759
2025,3,26,酒店管理与数字化运营,D750,金山职业技术学院,1,663116
2025,3,29,融媒体技术与运营,D750,金山职业技术学院,3,643734
2025,3,23,人工智能技术应用,D759,云南城市建设职业学院,4,663936
2025,3,25,护理,D759,云南城市建设职业学院,1,619506
2025,3,26,口腔医学技术,D759,云南城市建设职业学院,4,668772
2025,3,27,医学美容技术,D759,云南城市建设职业学院,2,635614
2025,3,02,计算机网络技术,D761,云南工程职业学院,2,650880
2025,3,07,护理,D761,云南工程职业学院,4,598451
2025,3,08,医学影像技术,D761,云南工程职业学院,2,612505
2025,3,L8,跨境电子商务,D776,江西软件职业技术大学,5,660362
2025,3,R2,云计算技术应用,D776,江西软件职业技术大学,4,636573
2025,3,H1,学前教育(中外合作办学)(师范类),D777,淄博师范高等专科学校,2,275487
2025,3,17,医学检验技术,D778,山东中医药高等专科学校,1,241812
2025,3,09,智能网联汽车技术,D799,黄冈科技职业学院,4,672589
2025,3,0Q,市场营销,D799,黄冈科技职业学院,4,606503
2025,3,0U,新能源材料应用技术,D799,黄冈科技职业学院,26,678445
2025,3,0W,学前教育(师范类),D799,黄冈科技职业学院,13,650830
2025,3,0X,计算机应用技术,D799,黄冈科技职业学院,15,676684
2025,3,10,移动应用开发,D799,黄冈科技职业学院,29,673073
2025,3,06,飞行器数字化制造技术,D862,山西同文职业技术学院,15,591218
2025,3,09,建筑消防技术,D873,赣西科技职业学院,1,579223
2025,3,22,电子信息工程技术,D873,赣西科技职业学院,1,586121
2025,3,24,软件技术,D873,赣西科技职业学院,9,622752
2025,3,26,护理,D873,赣西科技职业学院,6,649726
2025,3,29,大数据与会计,D873,赣西科技职业学院,2,537867
2025,3,0B,建筑室内设计,D874,山东外事职业大学,38,654340
2025,3,0H,数字媒体技术,D874,山东外事职业大学,45,667324
2025,3,0K,动漫制作技术,D874,山东外事职业大学,60,679387
2025,3,0M,婴幼儿托育服务与管理,D874,山东外事职业大学,49,681012
2025,3,0N,大数据与会计,D874,山东外事职业大学,15,578271
2025,3,0Q,电子商务,D874,山东外事职业大学,25,651184
2025,3,0R,旅游管理,D874,山东外事职业大学,28,674862
2025,3,0T,书画艺术,D874,山东外事职业大学,57,681019
2025,3,0U,商务英语,D874,山东外事职业大学,77,679253
2025,3,0V,商务英语,D874,山东外事职业大学,52,680630
2025,3,0W,应用韩语,D874,山东外事职业大学,19,680444
2025,3,0Y,应用俄语,D874,山东外事职业大学,25,668399
2025,3,0Z,应用法语,D874,山东外事职业大学,34,675177
2025,3,1A,应用德语,D874,山东外事职业大学,36,588942
2025,3,1B,体育艺术表演,D874,山东外事职业大学,37,680999
2025,3,0Y,护理,D909,云南工商学院,82,661140
2025,3,1D,大数据与会计,D909,云南工商学院,14,663103
2025,3,1N,中文,D909,云南工商学院,7,596178
2025,3,1R,电气自动化技术,D909,云南工商学院,15,670690
2025,3,1T,新能源汽车技术,D909,云南工商学院,6,608496
2025,3,1U,计算机网络技术,D909,云南工商学院,22,646189
2025,3,05,飞行器维修技术,D916,长春信息技术职业学院,1,602626
2025,3,07,汽车制造与试验技术,D916,长春信息技术职业学院,2,570253
2025,3,0J,软件技术,D916,长春信息技术职业学院,6,665171
2025,3,0V,数字媒体艺术设计,D916,长春信息技术职业学院,4,653571
2025,3,0Y,学前教育(师范类),D916,长春信息技术职业学院,2,610690
2025,3,0N,室内艺术设计,D917,松原职业技术学院,1,325396
2025,3,14,高速铁路客运服务,D924,湖南交通工程学院,2,559003
2025,3,01,飞机机电设备维修,D931,三亚航空旅游职业学院,6,677285
2025,3,10,应用俄语(国际航空旅游服务),D931,三亚航空旅游职业学院,3,598903
2025,3,41,婴幼儿托育服务与管理,D955,甘肃畜牧工程职业技术学院,6,536440
2025,3,N0,现代农业技术,D956,新疆石河子职业技术学院,1,329603
2025,3,NQ,民航安全技术管理,D956,新疆石河子职业技术学院,1,318296
2025,3,40,建筑室内设计,D957,辽宁传媒学院,2,548189
2025,3,24,密码技术应用,D961,大连枫叶职业技术学院,2,590112
2025,3,01,建筑设计(中外合作办学),D962,苏州百年职业学院,2,598129
2025,3,02,风景园林设计(中外合作办学),D962,苏州百年职业学院,3,628533
2025,3,03,建筑室内设计(中外合作办学),D962,苏州百年职业学院,3,654604
2025,3,05,智能控制技术(中外合作办学),D962,苏州百年职业学院,2,609228
2025,3,07,大数据技术(中外合作办学),D962,苏州百年职业学院,1,625618
2025,3,08,云计算技术应用(中外合作办学),D962,苏州百年职业学院,2,653687
2025,3,09,信息安全技术应用(中外合作办学),D962,苏州百年职业学院,1,631609
2025,3,11,工业互联网技术(中外合作办学),D962,苏州百年职业学院,2,654391
2025,3,17,市场营销(中外合作办学),D962,苏州百年职业学院,3,646401
2025,3,40,工业设计,D995,青岛工学院,51,681063
2025,3,44,数字媒体艺术设计,D995,青岛工学院,35,652874
2025,3,46,航空物流管理,D995,青岛工学院,16,643032
2025,3,32,大数据与财务管理,D997,青岛农业大学海都学院,13,557181
2025,3,46,食品智能加工技术,D997,青岛农业大学海都学院,7,596430
2025,3,47,园林技术,D997,青岛农业大学海都学院,1,486490
2025,3,48,中小企业创业与经营,D997,青岛农业大学海都学院,12,612766
2025,3,44,城市热能应用技术,E000,潍坊理工学院,10,549168
2025,3,46,药品生物技术,E000,潍坊理工学院,6,444102
2025,3,49,体育艺术表演,E000,潍坊理工学院,223,680080
2025,3,51,现代文秘,E000,潍坊理工学院,134,681013
2025,3,54,中文,E000,潍坊理工学院,70,679545
2025,3,55,党务工作,E000,潍坊理工学院,153,677998
2025,3,56,国际经济与贸易,E000,潍坊理工学院,95,679561
2025,3,61,标准化技术,E000,潍坊理工学院,47,655003
2025,3,63,酒店管理与数字化运营,E000,潍坊理工学院,35,621798
2025,3,64,旅游管理,E000,潍坊理工学院,67,651543
2025,3,67,商务英语,E000,潍坊理工学院,79,670055
2025,3,68,应用英语,E000,潍坊理工学院,50,673102
2025,3,55,商务英语,E001,聊城大学东昌学院,49,608677
2025,3,61,药品生物技术,E001,聊城大学东昌学院,8,441203
2025,3,07,助产,E018,石家庄医学高等专科学校,1,587486
2025,3,22,眼视光技术,E018,石家庄医学高等专科学校,2,554414
2025,3,0K,大数据与会计,E026,广西英华国际职业学院,19,676464
2025,3,A2,空中乘务,E031,陕西旅游烹饪职业学院,1,588953
2025,3,B0,烹饪工艺与营养,E031,陕西旅游烹饪职业学院,5,644486
2025,3,B3,舞蹈表演,E031,陕西旅游烹饪职业学院,1,672700
2025,3,15,护理,E032,云南新兴职业学院,2,609188
2025,3,09,信息安全技术应用,E049,内蒙古北方职业技术学院,1,380277
2025,3,01,建筑室内设计,E055,哈尔滨应用职业技术学院,2,576593
2025,3,0F,新能源汽车技术,E055,哈尔滨应用职业技术学院,2,677065
2025,3,0D,市场营销,E085,西藏职业技术学院,5,610215
2025,3,0F,电子商务,E085,西藏职业技术学院,4,573298
2025,3,16,智能机器人技术,E113,漳州科技职业学院,5,660564
2025,3,24,大数据与会计,E113,漳州科技职业学院,4,637703
2025,3,28,康复治疗技术,E113,漳州科技职业学院,4,612376
2025,3,05,医学美容技术,E122,湖南电子科技职业学院,3,677970
2025,3,0H,新能源汽车技术,E122,湖南电子科技职业学院,3,666120
2025,3,0J,金属智能加工技术,E127,广西工程职业学院,2,604651
2025,3,13,网络营销与直播电商,E127,广西工程职业学院,1,618468
2025,3,R8,人工智能技术应用,E166,江西新能源科技职业学院,3,578399
2025,3,S6,大数据与会计,E166,江西新能源科技职业学院,1,597472
2025,3,15,广告艺术设计,E167,江西枫林涉外经贸职业学院,1,580193
2025,3,1C,无人机应用技术,E167,江西枫林涉外经贸职业学院,2,565227
2025,3,1D,新能源汽车技术,E167,江西枫林涉外经贸职业学院,8,635679
2025,3,1G,数字媒体技术,E167,江西枫林涉外经贸职业学院,1,583657
2025,3,1K,护理,E167,江西枫林涉外经贸职业学院,17,677626
2025,3,1Q,市场营销,E167,江西枫林涉外经贸职业学院,1,588835
2025,3,1X,智慧健康养老服务与管理,E167,江西枫林涉外经贸职业学院,9,680156
2025,3,L5,智能控制技术,E168,江西泰豪动漫职业学院,1,671339
2025,3,R1,网络直播与运营,E168,江西泰豪动漫职业学院,1,656743
2025,3,R6,虚拟现实技术应用,E168,江西泰豪动漫职业学院,2,580979
2025,3,11,工商企业管理,E172,海南科技职业大学,2,655847
2025,3,45,护理,E175,四川城市职业学院,10,671599
2025,3,47,医学检验技术,E175,四川城市职业学院,11,677109
2025,3,48,医学影像技术,E175,四川城市职业学院,12,586880
2025,3,23,小学英语教育(师范类，非英语语种考生慎重报考),E178,佳木斯职业学院,28,558636
2025,3,01,建筑工程技术,E211,广西经济职业学院,5,663146
2025,3,06,工业机器人技术,E211,广西经济职业学院,5,672115
2025,3,07,无人机应用技术,E211,广西经济职业学院,1,590483
2025,3,08,新能源汽车技术,E211,广西经济职业学院,5,671245
2025,3,09,食品检验检测技术,E211,广西经济职业学院,5,624832
2025,3,16,婴幼儿托育服务与管理,E211,广西经济职业学院,5,667386
2025,3,18,金融服务与管理,E211,广西经济职业学院,4,629280
2025,3,21,工商企业管理,E211,广西经济职业学院,4,642814
2025,3,33,表演艺术,E211,广西经济职业学院,3,652729
2025,3,34,社会体育,E211,广西经济职业学院,4,626688
2025,3,36,行政管理,E211,广西经济职业学院,3,668497
2025,3,41,烹饪工艺与营养(公众营养方向),E211,广西经济职业学院,1,634056
2025,3,42,烹饪工艺与营养(西餐工艺方向),E211,广西经济职业学院,1,666237
2025,3,03,工程造价,E212,云南经贸外事职业学院,2,626903
2025,3,12,音乐表演,E212,云南经贸外事职业学院,1,680238
2025,3,03,智能控制技术,E231,泉州海洋职业学院,9,647039
2025,3,07,游艇设计与制造,E231,泉州海洋职业学院,1,616936
2025,3,08,海洋工程装备技术,E231,泉州海洋职业学院,5,664325
2025,3,11,石油化工技术,E231,泉州海洋职业学院,1,590165
2025,3,12,康复工程技术,E231,泉州海洋职业学院,2,487738
2025,3,18,电子信息工程技术,E231,泉州海洋职业学院,1,593836
2025,3,22,大数据技术,E231,泉州海洋职业学院,11,673585
2025,3,30,市场营销,E231,泉州海洋职业学院,3,667128
2025,3,34,港口物流管理,E231,泉州海洋职业学院,7,676075
2025,3,11,食品质量与安全,E232,泉州轻工职业学院,2,649059
2025,3,18,计算机网络技术,E233,漯河食品工程职业大学,75,674821
2025,3,26,大数据与会计,E233,漯河食品工程职业大学,60,669900
2025,3,0K,计算机应用技术,E235,郑州城市职业学院,4,598491
2025,3,0W,大数据与会计,E235,郑州城市职业学院,3,600328
2025,3,04,市政工程技术,E237,重庆电讯职业学院,4,652757
2025,3,14,民航运输服务,E237,重庆电讯职业学院,1,627719
2025,3,25,现代通信技术,E237,重庆电讯职业学院,2,618534
2025,3,08,护理,E239,云南三鑫职业技术学院,6,616284
2025,3,09,药学,E239,云南三鑫职业技术学院,16,627883
2025,3,10,中医康复技术,E239,云南三鑫职业技术学院,6,630651
2025,3,13,口腔医学技术,E239,云南三鑫职业技术学院,8,625520
2025,3,68,全媒体广告策划与营销,E261,山东文化产业职业学院,38,680704
2025,3,85,跨境电子商务,E261,山东文化产业职业学院,24,678718
2025,3,86,数字媒体技术,E261,山东文化产业职业学院,35,680912
2025,3,90,工艺美术品设计,E261,山东文化产业职业学院,5,608201
2025,3,92,数字时尚设计,E261,山东文化产业职业学院,32,678914
2025,3,0A,无人机应用技术,E291,吉林科技职业技术学院,4,605113
2025,3,0C,新能源汽车技术,E291,吉林科技职业技术学院,5,623118
2025,3,0N,计算机应用技术,E291,吉林科技职业技术学院,12,536691
2025,3,14,学前教育(师范类),E291,吉林科技职业技术学院,10,673168
2025,3,24,建筑工程技术,E293,宿迁泽达职业技术学院,1,618001
2025,3,34,工业互联网技术,E293,宿迁泽达职业技术学院,1,655272
2025,3,0E,国际邮轮乘务管理,E303,郑州信息工程职业学院,21,678810
2025,3,30,工商企业管理,E321,江西工商职业技术学院,1,622432
2025,3,43,口腔卫生保健,E321,江西工商职业技术学院,1,678626
2025,3,17,护理,E323,四川长江职业学院,11,638487
2025,3,20,建筑室内设计,E323,四川长江职业学院,6,430492
2025,3,35,现代物流管理,E323,四川长江职业学院,6,676167
2025,3,52,无人机应用技术,E323,四川长江职业学院,17,648843
2025,3,F1,虚拟现实技术应用,E327,青岛电影学院,142,680792
2025,3,13,金融服务与管理,E346,山东海事职业学院,4,439046
2025,3,0X,学前教育(师范类),E351,信阳涉外职业技术学院,4,578116
2025,3,0Z,应用韩语,E351,信阳涉外职业技术学院,3,581583
2025,3,A1,汽车检测与维修技术,E352,鹤壁汽车工程职业学院,9,644163
2025,3,A3,新能源汽车技术,E352,鹤壁汽车工程职业学院,7,677428
2025,3,B1,人工智能技术应用,E352,鹤壁汽车工程职业学院,8,671350
2025,3,B2,物联网应用技术,E352,鹤壁汽车工程职业学院,6,594121
2025,3,C5,智能制造装备技术,E352,鹤壁汽车工程职业学院,9,661265
2025,3,C6,高分子材料智能制造技术,E352,鹤壁汽车工程职业学院,8,654980
2025,3,D2,网络营销与直播电商,E352,鹤壁汽车工程职业学院,2,660816
2025,3,D4,大数据与会计,E352,鹤壁汽车工程职业学院,6,650784
2025,3,15,智能控制技术,E353,南阳职业学院,27,679855
2025,3,20,工业机器人技术,E353,南阳职业学院,82,676787
2025,3,33,计算机应用技术,E353,南阳职业学院,73,678934
2025,3,39,人工智能技术应用,E353,南阳职业学院,28,680385
2025,3,44,大数据与会计,E353,南阳职业学院,70,648106
2025,3,46,电子商务,E353,南阳职业学院,73,680256
2025,3,49,现代物流管理,E353,南阳职业学院,7,641661
2025,3,D6,智能物流技术,E367,重庆艺术工程职业学院,4,649705
2025,3,D7,空中乘务,E367,重庆艺术工程职业学院,3,631537
2025,3,D8,民航安全技术管理,E367,重庆艺术工程职业学院,9,665652
2025,3,23,物联网应用技术,E369,重庆电信职业学院,2,615658
2025,3,25,智能控制技术,E369,重庆电信职业学院,6,666564
2025,3,31,学前教育(师范类),E369,重庆电信职业学院,2,599407
2025,3,33,无人机应用技术,E369,重庆电信职业学院,5,638078
2025,3,13,大数据技术,E370,重庆经贸职业学院,10,678366
2025,3,06,人工智能技术应用(数据处理及应用),E371,贵州盛华职业学院,3,398432
2025,3,07,人工智能数据工程技术,E371,贵州盛华职业学院,4,490195
2025,3,12,人工智能技术应用(数智内容制作),E371,贵州盛华职业学院,4,532505
2025,3,14,康复治疗技术,E371,贵州盛华职业学院,3,542487
2025,3,04,护理,E372,昆明卫生职业学院,17,671896
2025,3,06,储能材料技术,E375,甘肃有色冶金职业技术学院,6,366352
2025,3,0E,金属智能加工技术,E375,甘肃有色冶金职业技术学院,11,458887
2025,3,0P,旅游管理,E375,甘肃有色冶金职业技术学院,8,540529
2025,3,0V,舞蹈表演,E375,甘肃有色冶金职业技术学院,17,573735
2025,3,05,大数据与会计,E380,郑州商贸旅游职业学院,32,675519
2025,3,0B,电子商务,E400,齐齐哈尔理工职业学院,4,610673
2025,3,07,书画艺术(少儿美术方向),E402,景德镇陶瓷职业技术学院,7,655459
2025,3,11,视觉传达设计,E402,景德镇陶瓷职业技术学院,5,678134
2025,3,23,数字媒体艺术设计(影视动画方向),E402,景德镇陶瓷职业技术学院,11,664901
2025,3,J1,陶瓷设计与工艺,E402,景德镇陶瓷职业技术学院,4,645367
2025,3,L1,材料工程技术,E402,景德镇陶瓷职业技术学院,1,576802
2025,3,L4,软件技术,E402,景德镇陶瓷职业技术学院,9,586068
2025,3,L5,计算机网络技术,E402,景德镇陶瓷职业技术学院,9,630320
2025,3,L6,信息安全技术应用,E402,景德镇陶瓷职业技术学院,10,608994
2025,3,L9,电子信息工程技术,E402,景德镇陶瓷职业技术学院,15,627779
2025,3,R1,婴幼儿托育服务与管理,E402,景德镇陶瓷职业技术学院,1,594518
2025,3,R2,电子商务,E402,景德镇陶瓷职业技术学院,8,669387
2025,3,R3,网络营销与直播电商,E402,景德镇陶瓷职业技术学院,5,662045
2025,3,R5,现代物流管理,E402,景德镇陶瓷职业技术学院,4,594803
2025,3,R6,金融科技应用,E402,景德镇陶瓷职业技术学院,7,669002
2025,3,R7,旅游管理,E402,景德镇陶瓷职业技术学院,4,593269
2025,3,04,新能源汽车技术,E406,湖南吉利汽车职业技术学院,2,600138
2025,3,05,智能网联汽车技术,E406,湖南吉利汽车职业技术学院,2,638164
2025,3,3A,智能制造装备技术,E406,湖南吉利汽车职业技术学院,2,651844
2025,3,4A,机电一体化技术,E406,湖南吉利汽车职业技术学院,1,461422
2025,3,8C,人工智能技术应用,E406,湖南吉利汽车职业技术学院,4,603756
2025,3,02,汽车检测与维修技术,E411,四川汽车职业技术学院,2,612660
2025,3,16,大数据与会计(会计师实验班),E412,贵州工商职业学院,12,678780
2025,3,22,电子商务(京东班),E412,贵州工商职业学院,8,664017
2025,3,24,电子商务(新媒体运营方向),E412,贵州工商职业学院,1,602280
2025,3,36,护理,E412,贵州工商职业学院,29,663765
2025,3,09,城市轨道交通运营管理,E415,云南外事外语职业学院,2,598784
2025,3,11,护理,E415,云南外事外语职业学院,3,616929
2025,3,13,建筑工程技术,E472,渤海理工职业学院,3,674324
2025,3,18,城市轨道交通运营管理,E472,渤海理工职业学院,2,611009
2025,3,34,大数据技术,E472,渤海理工职业学院,4,569723
2025,3,47,影视多媒体技术,E472,渤海理工职业学院,4,620295
2025,3,11,药品生产技术,E480,洛阳科技职业学院,7,677645
2025,3,02,护理,E483,巴中职业技术学院,3,675367
2025,3,04,康复治疗技术,E483,巴中职业技术学院,2,631078
2025,3,10,学前教育(师范类),E483,巴中职业技术学院,6,671289
2025,3,12,小学教育(师范类),E483,巴中职业技术学院,2,676108
2025,3,20,新能源汽车技术,E483,巴中职业技术学院,3,663313
2025,3,01,电子信息工程技术,E485,四川电子机械职业技术学院,2,618009
2025,3,18,智能控制技术,E485,四川电子机械职业技术学院,3,451766
2025,3,21,智能机器人技术,E485,四川电子机械职业技术学院,3,643863
2025,3,03,中文,E486,四川文轩职业学院,1,639948
2025,3,06,护理,E486,四川文轩职业学院,5,525736
2025,3,10,药学,E486,四川文轩职业学院,1,601751
2025,3,11,中药学,E486,四川文轩职业学院,2,628139
2025,3,3C,学前教育,E491,重庆科技职业学院,1,614551
2025,3,04,应急救援技术,E515,四川西南航空职业学院,2,592719
2025,3,06,安全智能监测技术,E515,四川西南航空职业学院,2,636752
2025,3,07,飞机机电设备维修,E515,四川西南航空职业学院,4,678185
2025,3,13,机场运行服务与管理,E515,四川西南航空职业学院,4,666616
2025,3,14,航空物流管理,E515,四川西南航空职业学院,3,647052
2025,3,18,计算机应用技术,E515,四川西南航空职业学院,3,660594
2025,3,20,高速铁路客运服务,E515,四川西南航空职业学院,1,678969
2025,3,21,旅游管理,E515,四川西南航空职业学院,5,640248
2025,3,03,消防救援技术,E523,新疆生产建设兵团兴新职业技术学院,1,307505
2025,3,01,酒店管理与数字化运营,E528,扬州中瑞酒店职业学院,4,663087
2025,3,04,烹饪工艺与营养,E528,扬州中瑞酒店职业学院,3,650253
2025,3,0H,现代家政服务与管理,E528,扬州中瑞酒店职业学院,1,674146
2025,3,8A,学前教育(师范类),E539,扎兰屯职业学院,3,484522
2025,3,02,小学教育(师范类),E548,四川应用技术职业学院,3,631753
2025,3,00,资源综合利用技术,E555,长江艺术工程职业学院,5,613043
2025,3,80,智能网联汽车技术,E555,长江艺术工程职业学院,4,674594
2025,3,A0,新能源汽车检测与维修技术,E555,长江艺术工程职业学院,7,651293
2025,3,G0,移动应用开发,E555,长江艺术工程职业学院,1,636708
2025,3,L0,金融服务与管理,E555,长江艺术工程职业学院,5,661458
2025,3,R0,网络营销与直播电商,E555,长江艺术工程职业学院,3,656617
2025,3,1C,金融科技应用,E557,重庆资源与环境保护职业学院,1,615471
2025,3,2Y,药品质量与安全,E557,重庆资源与环境保护职业学院,7,671769
2025,3,3Y,药品经营与管理,E557,重庆资源与环境保护职业学院,7,574221
2025,3,4H,建筑室内设计,E557,重庆资源与环境保护职业学院,1,645081
2025,3,4Y,智慧健康养老服务与管理,E557,重庆资源与环境保护职业学院,1,643075
2025,3,5C,学前教育,E557,重庆资源与环境保护职业学院,2,625936
2025,3,6S,生态环境修复技术,E557,重庆资源与环境保护职业学院,1,658556
2025,3,7H,工业机器人技术,E557,重庆资源与环境保护职业学院,1,598650
2025,3,7S,绿色低碳技术,E557,重庆资源与环境保护职业学院,2,568404
2025,3,0C,护理,E559,贵州工贸职业学院,3,678418
2025,3,0D,药学,E559,贵州工贸职业学院,2,623435
2025,3,0K,跨境电子商务,E559,贵州工贸职业学院,2,587754
2025,3,6B,测绘工程技术,E570,烟台黄金职业学院,10,602427
2025,3,6D,矿产地质勘查,E570,烟台黄金职业学院,43,614194
2025,3,6E,工程造价,E570,烟台黄金职业学院,15,609429
2025,3,6F,矿山智能开采技术,E570,烟台黄金职业学院,3,579015
2025,3,6J,矿物加工技术,E570,烟台黄金职业学院,41,616731
2025,3,6K,安全技术与管理,E570,烟台黄金职业学院,5,582526
2025,3,6L,职业健康安全技术,E570,烟台黄金职业学院,12,662474
2025,3,6P,艺术设计,E570,烟台黄金职业学院,7,609156
2025,3,7A,虚拟现实技术应用,E570,烟台黄金职业学院,36,680953
2025,3,7C,云计算技术应用,E570,烟台黄金职业学院,72,680450
2025,3,7D,信息安全技术应用,E570,烟台黄金职业学院,6,632392
2025,3,7E,电子商务,E570,烟台黄金职业学院,9,605787
2025,3,7G,市场营销,E570,烟台黄金职业学院,62,672005
2025,3,7H,金融服务与管理,E570,烟台黄金职业学院,26,592612
2025,3,7J,跨境电子商务,E570,烟台黄金职业学院,12,635599
2025,3,7K,婴幼儿托育服务与管理,E570,烟台黄金职业学院,22,665547
2025,3,7L,表演艺术,E570,烟台黄金职业学院,19,680930
2025,3,7M,运动健康指导,E570,烟台黄金职业学院,13,670442
2025,3,7N,运动训练,E570,烟台黄金职业学院,24,675122
2025,3,A2,护理,E579,贵州应用技术职业学院,3,603341
2025,3,M2,电子商务,E579,贵州应用技术职业学院,11,633956
2025,3,N2,建设工程管理,E579,贵州应用技术职业学院,8,663600
2025,3,Q2,工程造价,E579,贵州应用技术职业学院,9,676375
2025,3,R2,建筑室内设计,E579,贵州应用技术职业学院,10,638542
2025,3,V2,网络营销与直播电商,E579,贵州应用技术职业学院,11,659927
2025,3,38,护理(康复护理),E600,天津滨海汽车工程职业学院,2,551001
2025,3,0G,会计信息管理,E601,曹妃甸职业技术学院,2,607742
2025,3,03,生物信息技术,E603,长春健康职业学院,1,679438
2025,3,05,药品经营与管理,E603,长春健康职业学院,5,639497
2025,3,08,护理,E603,长春健康职业学院,17,679807
2025,3,10,药学,E603,长春健康职业学院,1,573509
2025,3,15,康复治疗技术,E603,长春健康职业学院,2,614620
2025,3,22,学前教育,E603,长春健康职业学院,7,671959
2025,3,71,航海技术,E605,日照航海工程职业学院,1,283793
2025,3,B3,民航空中安全保卫,E612,三亚中瑞酒店管理职业学院,3,678873
2025,3,D3,市场营销(奢侈品营销方向),E612,三亚中瑞酒店管理职业学院,2,652558
2025,3,05,数控技术,E633,哈尔滨北方航空职业技术学院,5,678837
2025,3,11,空中乘务,E633,哈尔滨北方航空职业技术学院,4,675069
2025,3,14,机场运行服务与管理,E633,哈尔滨北方航空职业技术学院,8,674916
2025,3,02,飞机电子设备维修,E634,信阳航空职业学院,3,650163
2025,3,0A,空中乘务,E634,信阳航空职业学院,2,639779
2025,3,0C,高速铁路客运服务,E634,信阳航空职业学院,2,674209
2025,3,0H,无人机应用技术,E634,信阳航空职业学院,2,658990
2025,3,10,安全技术与管理,E634,信阳航空职业学院,1,589426
2025,3,01,护理,E640,眉山药科职业学院,4,669944
2025,3,11,药学,E640,眉山药科职业学院,5,676913
2025,3,21,中药学,E640,眉山药科职业学院,3,667847
2025,3,51,中医康复技术,E640,眉山药科职业学院,1,638072
2025,3,M1,口腔医学技术,E640,眉山药科职业学院,2,678799
2025,3,S1,体育保健与康复,E640,眉山药科职业学院,4,659616
2025,3,04,软件技术,E641,天府新区信息职业学院,12,677913
2025,3,05,集成电路技术,E641,天府新区信息职业学院,7,656830
2025,3,37,现代物流管理,E641,天府新区信息职业学院,13,673889
2025,3,38,学前教育,E641,天府新区信息职业学院,18,673788
2025,3,KM,机电一体化技术,E641,天府新区信息职业学院,9,658953
2025,3,05,城市轨道交通供配电技术,E642,德阳城市轨道交通职业学院,4,678304
2025,3,11,城市轨道交通工程技术,E642,德阳城市轨道交通职业学院,4,670827
2025,3,13,高速铁路综合维修技术,E642,德阳城市轨道交通职业学院,2,651931
2025,3,16,铁道工程技术,E642,德阳城市轨道交通职业学院,2,604197
2025,3,21,铁道交通运营管理,E642,德阳城市轨道交通职业学院,1,517507
2025,3,26,城市轨道交通通信信号技术,E642,德阳城市轨道交通职业学院,5,662146
2025,3,36,口腔医学技术,E643,德阳科贸职业学院,2,625806
2025,3,01,工程测量技术,E644,江阳城建职业学院,10,675431
2025,3,0A,机电一体化技术,E644,江阳城建职业学院,8,651923
2025,3,0C,工业机器人技术,E644,江阳城建职业学院,5,653886
2025,3,0D,无人机应用技术,E644,江阳城建职业学院,11,665590
2025,3,04,民航安全技术管理,E645,天府新区航空旅游职业学院,1,578027
2025,3,08,医学检验技术,E645,天府新区航空旅游职业学院,2,631272
2025,3,0A,康复治疗技术,E645,天府新区航空旅游职业学院,5,676488
2025,3,0C,健康管理,E645,天府新区航空旅游职业学院,5,678494
2025,3,0H,旅游管理,E645,天府新区航空旅游职业学院,2,635219
2025,3,0K,飞机机电设备维修,E645,天府新区航空旅游职业学院,3,672867
2025,3,0M,无人机应用技术,E645,天府新区航空旅游职业学院,3,675647
2025,3,0S,数字媒体技术,E645,天府新区航空旅游职业学院,7,666889
2025,3,20,中药学,E646,天府新区通用航空职业学院,2,671748
2025,3,25,软件技术,E646,天府新区通用航空职业学院,2,642757
2025,3,18,医学影像技术,E649,云南医药健康职业学院,1,522116
2025,3,22,药学,E649,云南医药健康职业学院,1,619761
2025,3,02,新能源汽车技术,E672,攀枝花攀西职业学院,4,664657
2025,3,04,消防救援技术,E672,攀枝花攀西职业学院,3,673512
2025,3,0G,社会体育,E672,攀枝花攀西职业学院,2,671730
2025,3,0H,行政管理,E672,攀枝花攀西职业学院,1,653028
2025,3,02,口腔医学技术,E673,资阳口腔职业学院,2,567056
2025,3,03,口腔卫生保健,E673,资阳口腔职业学院,6,655947
2025,3,01,环境工程技术,E674,资阳环境科技职业学院,8,665041
2025,3,04,生态环境大数据技术,E674,资阳环境科技职业学院,4,628687
2025,3,06,现代物流管理,E674,资阳环境科技职业学院,8,644332
2025,3,07,电子商务,E674,资阳环境科技职业学院,4,604119
2025,3,08,机电一体化技术,E674,资阳环境科技职业学院,7,594964
2025,3,09,工业机器人技术,E674,资阳环境科技职业学院,2,635644
2025,3,11,建筑消防技术,E674,资阳环境科技职业学院,4,615433
2025,3,12,食品质量与安全,E674,资阳环境科技职业学院,2,673952
2025,3,13,旅游管理,E674,资阳环境科技职业学院,3,673594
2025,3,23,大数据技术,E675,云南理工职业学院,2,668057
2025,3,G1,护理,E677,喀什职业技术学院,1,363322
2025,3,0P,会计信息管理,E696,唐山海运职业学院,2,596228
2025,3,0Z,大数据技术,E696,唐山海运职业学院,1,674135
2025,3,02,学前教育(师范类),E701,长春早期教育职业学院,42,658465
2025,3,03,体育教育(师范类),E701,长春早期教育职业学院,9,675571
2025,3,04,舞蹈教育(师范类),E701,长春早期教育职业学院,15,639597
2025,3,05,特殊教育(师范类),E701,长春早期教育职业学院,8,651824
2025,3,06,音乐教育(师范类),E701,长春早期教育职业学院,15,606401
2025,3,07,婴幼儿托育服务与管理,E701,长春早期教育职业学院,14,610624
2025,3,08,康复治疗技术,E701,长春早期教育职业学院,20,680224
2025,3,09,口腔医学技术,E701,长春早期教育职业学院,17,670482
2025,3,0A,医学营养,E701,长春早期教育职业学院,6,667726
2025,3,0B,眼视光技术,E701,长春早期教育职业学院,16,545083
2025,3,2L,广播影视节目制作(中外合作办学),E707,烟台文化旅游职业学院,37,622212
2025,3,57,网络直播与运营,E709,青岛航空科技职业学院,20,679332
2025,3,05,建筑工程技术,E717,林州建筑职业技术学院,5,676903
2025,3,0H,新能源汽车技术,E717,林州建筑职业技术学院,5,648719
2025,3,0J,计算机应用技术,E717,林州建筑职业技术学院,4,665461
2025,3,01,护理,E721,湖北健康职业学院,5,648842
2025,3,0K,工业互联网技术,E725,重庆理工职业学院,1,494815
2025,3,59,物联网应用技术,E727,重庆健康职业学院,5,655532
2025,3,60,人工智能技术应用,E727,重庆健康职业学院,7,660090
2025,3,63,药学,E727,重庆健康职业学院,1,583694
2025,3,16,数字媒体技术,E729,南充电影工业职业学院,11,655705
2025,3,18,摄影摄像技术,E729,南充电影工业职业学院,1,625113
2025,3,19,影视制片管理,E729,南充电影工业职业学院,1,578206
2025,3,22,电子商务,E729,南充电影工业职业学院,5,674494
2025,3,10,休闲体育,E730,绵阳飞行职业学院,6,637591
2025,3,16,新能源汽车技术,E730,绵阳飞行职业学院,6,681126
2025,3,76,供用电技术,E731,德阳农业科技职业学院,7,670909
2025,3,H2,烹饪工艺与营养,E731,德阳农业科技职业学院,5,674058
2025,3,05,医用材料与应用,E732,泸州医疗器械职业学院,3,606010
2025,3,08,康复工程技术,E732,泸州医疗器械职业学院,3,653262
2025,3,11,移动应用开发,E732,泸州医疗器械职业学院,2,639822
2025,3,0A,计算机网络技术,E735,贵州民用航空职业学院,14,660405
2025,3,0B,软件技术,E735,贵州民用航空职业学院,2,589048
2025,3,0C,数字媒体技术,E735,贵州民用航空职业学院,11,680763
2025,3,03,无人机应用技术,E742,邢台应用技术职业学院,3,618944
2025,3,06,新能源汽车检测与维修技术,E742,邢台应用技术职业学院,2,596638
2025,3,07,城市轨道交通运营管理,E742,邢台应用技术职业学院,1,586299
2025,3,16,会计信息管理,E742,邢台应用技术职业学院,3,660631
2025,3,12,婴幼儿托育服务与管理,E744,通化医药健康职业学院,6,486560
2025,3,0M,智慧健康养老服务与管理,E747,宿州航空职业学院,1,329144
2025,3,02,消防救援技术(特种工业方向),E748,和君职业学院,3,617072
2025,3,15,无人机应用技术(eVTOL方向),E748,和君职业学院,2,608032
2025,3,17,飞机机电设备维修(eVTOL方向),E748,和君职业学院,4,659453
2025,3,0D,数字化设计与制造技术,E749,滨州科技职业学院,46,616875
2025,3,0N,动漫制作技术,E749,滨州科技职业学院,7,574337
2025,3,0P,空中乘务,E749,滨州科技职业学院,8,600842
2025,3,0Q,文化创意与策划,E749,滨州科技职业学院,49,644224
2025,3,0Y,旅游管理,E749,滨州科技职业学院,39,642372
2025,3,1A,分析检验技术,E749,滨州科技职业学院,44,636652
2025,3,1B,应用化工技术,E749,滨州科技职业学院,18,589498
2025,3,30,大数据技术,E749,滨州科技职业学院,45,608416
2025,3,3K,护理,E755,湖北孝感美珈职业学院,10,653560
2025,3,3L,中医康复技术,E755,湖北孝感美珈职业学院,3,673463
2025,3,01,无人机应用技术,E761,广东肇庆航空职业学院,20,673695
2025,3,07,空中乘务,E761,广东肇庆航空职业学院,8,579657
2025,3,26,护理,E761,广东肇庆航空职业学院,7,654160
2025,3,05,口腔医学技术,E765,北海康养职业学院,6,678712
2025,3,01,智能光电制造技术,E770,宝鸡中北职业学院,7,635990
2025,3,07,网络营销与直播电商,E770,宝鸡中北职业学院,6,633355
2025,3,09,网络新闻与传播,E770,宝鸡中北职业学院,4,642766
2025,3,10,融媒体技术与运营,E770,宝鸡中北职业学院,8,661173
2025,3,11,学前教育(师范类),E770,宝鸡中北职业学院,8,661724
2025,3,11,大数据与会计,E772,白银希望职业技术学院,2,615662
2025,3,15,中医康复技术,E772,白银希望职业技术学院,7,659750
2025,3,08,无人机应用技术,E786,沧州航空职业学院,1,486916
2025,3,21,机电设备技术,E786,沧州航空职业学院,1,571058
2025,3,06,社会体育,E800,贵州铜仁数据职业学院,4,583043
2025,3,0F,大数据与会计,E800,贵州铜仁数据职业学院,5,582055
2025,3,0G,数字媒体技术,E800,贵州铜仁数据职业学院,7,607569
2025,3,0H,无人机应用技术,E800,贵州铜仁数据职业学院,4,606907
2025,3,2A,刑事执行,E805,新疆司法警官职业学院,2,276893
2025,3,2B,行政执行,E805,新疆司法警官职业学院,1,270128
2025,3,19,绿色生物制造技术,E810,潍坊食品科技职业学院,29,579306
2025,3,17,智能网联汽车技术,E811,烟台城市科技职业学院,9,575473
2025,3,22,现代通信技术,E811,烟台城市科技职业学院,12,580980
2025,3,01,食品智能加工技术,E812,郑州食品工程职业学院,2,671185
2025,3,08,大数据与财务管理,E812,郑州食品工程职业学院,2,607409
2025,3,0J,计算机网络技术,E812,郑州食品工程职业学院,1,625075
2025,3,0K,大数据技术,E812,郑州食品工程职业学院,1,647143
2025,3,13,人工智能技术应用,E820,衡阳科技职业学院,1,641271
2025,3,04,智能制造装备技术,E822,桂林信息工程职业学院,4,673271
2025,3,07,应急救援技术,E835,遂宁工程职业学院,5,673726
2025,3,08,建筑消防技术,E835,遂宁工程职业学院,2,680819
2025,3,13,软件技术,E836,遂宁职业学院,11,670599
2025,3,15,人工智能技术应用,E836,遂宁职业学院,7,663471
2025,3,16,无人机应用技术,E836,遂宁职业学院,16,671034
2025,3,02,数字化设计与制造技术,E839,长春数字科技职业学院,4,661230
2025,3,02,机电一体化技术,E846,海南东方新丝路职业学院,4,598767
2025,3,04,新能源汽车技术,E846,海南东方新丝路职业学院,8,675841
2025,3,05,软件技术,E846,海南东方新丝路职业学院,1,644909
2025,3,07,康复治疗技术,E846,海南东方新丝路职业学院,6,657162
2025,3,09,电子商务,E846,海南东方新丝路职业学院,2,675620
2025,3,10,数字媒体技术,E857,德州工程职业学院,15,597259
2025,3,13,跨境电子商务,E857,德州工程职业学院,44,645922
2025,3,14,供应链运营,E857,德州工程职业学院,8,599745
2025,3,20,动漫制作技术,E857,德州工程职业学院,89,680122
2025,3,24,艺术设计,E857,德州工程职业学院,39,676016
2025,3,25,环境艺术设计,E857,德州工程职业学院,55,681071
2025,3,07,社会体育,E858,日照康养职业学院,31,590675
2025,3,08,体育保健与康复,E858,日照康养职业学院,71,623357
2025,3,09,运动健康指导,E858,日照康养职业学院,134,660732
2025,3,02,药学,E859,烟台卫生健康职业学院,2,292855
2025,3,03,医学检验技术,E859,烟台卫生健康职业学院,1,266588
2025,3,R1,人工智能技术应用,E864,周口城市职业学院,2,611047
2025,3,X1,数控技术,E864,周口城市职业学院,2,618252
2025,3,X2,模具设计与制造,E864,周口城市职业学院,1,535071
2025,3,X4,新能源汽车技术,E864,周口城市职业学院,4,668259
2025,3,X5,智能网联汽车技术,E864,周口城市职业学院,3,645218
2025,3,1J,物流工程技术,E870,重庆现代制造职业学院,1,573928
2025,3,01,护理,E893,三亚护理职业学院,39,658606
2025,3,02,助产,E893,三亚护理职业学院,3,676115
2025,3,03,药学,E893,三亚护理职业学院,10,681107
2025,3,07,医学美容技术,E893,三亚护理职业学院,2,605593
2025,3,08,康复治疗技术,E893,三亚护理职业学院,2,673053
2025,3,09,口腔卫生保健,E893,三亚护理职业学院,2,666909
2025,3,V4,铁道交通运营管理,E903,株洲科技职业学院,6,671842
2025,3,Y1,城市轨道交通机电技术,E903,株洲科技职业学院,4,677088
2025,3,06,口腔医学技术,E904,衡阳理工职业学院,2,660737
2025,3,05,跨境电子商务,E924,济宁汽车工程职业学院,74,678340
2025,3,06,计算机网络技术,E924,济宁汽车工程职业学院,26,625864
2025,3,08,计算机应用技术(中外合作办学),F411,福州墨尔本理工职业学院,5,626756
2025,3,10,云计算技术应用(中外合作办学),F411,福州墨尔本理工职业学院,2,641257
2025,3,13,移动互联应用技术(中外合作办学),F411,福州墨尔本理工职业学院,3,667320
2025,3,15,休闲服务与管理(中外合作办学),F411,福州墨尔本理工职业学院,4,681100
2025,3,04,中医康复技术,T035,桂林生命与健康职业技术学院,1,425615
2025,3,10,学前教育(中外合作办学)(师范类),T335,长春师范高等专科学校,12,607087
