year,score,total_count,total_cumulative,physics_count,physics_cumulative,chemistry_count,chemistry_cumulative,biology_count,biology_cumulative,politics_count,politics_cumulative,history_count,history_cumulative,geography_count,geography_cumulative
2021,685,12,57,12,56,11,56,11,55,,,,,,
2021,684,4,61,4,60,4,60,4,59,,,,,,
2021,683,14,75,14,74,14,74,13,72,,,,,,
2021,682,16,91,15,89,16,90,13,85,,,,,,
2021,681,11,102,11,100,11,101,11,96,,,,,,
2021,680,14,116,13,113,13,114,13,109,,,,,,
2021,679,23,139,22,135,21,135,21,130,,,,,,
2021,678,19,158,18,153,17,152,18,148,,,,,,
2021,677,15,173,14,167,14,166,14,162,,,,,,
2021,676,24,197,23,190,21,187,21,183,,,,,,
2021,675,17,214,15,205,15,202,14,197,,,,,,
2021,674,31,245,29,234,27,229,27,224,,,,,,
2021,673,30,275,30,264,30,259,27,251,,,,,,
2021,672,28,303,27,291,26,285,28,279,,,,,,
2021,671,27,330,25,316,25,310,25,304,,,,,,
2021,670,26,356,25,341,24,334,23,327,,,,,,
2021,669,36,392,35,376,34,368,33,360,,,,,,
2021,668,31,423,31,407,31,399,29,389,,,,,,
2021,667,40,463,39,446,40,439,38,427,,,,,,
2021,666,41,504,37,483,38,477,34,461,,,,,,
2021,665,48,552,45,528,44,521,41,502,,,,,,
2021,664,47,599,43,571,44,565,42,544,,,,,,
2021,663,54,653,51,622,49,614,47,591,,,,,4,51
2021,662,56,709,54,676,54,668,53,644,,,4,52,2,53
2021,661,67,776,62,738,63,731,55,699,,,4,56,9,62
2021,660,55,831,51,789,48,779,48,747,,,5,61,10,72
2021,659,74,905,67,856,66,845,60,807,6,51,8,69,15,87
2021,658,61,966,56,912,56,901,53,860,4,55,4,73,10,97
2021,657,74,1040,67,979,68,969,68,928,6,61,6,79,7,104
2021,656,82,1122,76,1055,77,1046,76,1004,4,65,6,85,7,111
2021,655,82,1204,73,1128,74,1120,69,1073,7,72,13,98,10,121
2021,654,87,1291,81,1209,77,1197,78,1151,6,78,11,109,8,129
2021,653,102,1393,95,1304,97,1294,86,1237,7,85,8,117,13,142
2021,652,102,1495,92,1396,91,1385,84,1321,10,95,15,132,14,156
2021,651,95,1590,91,1487,89,1474,81,1402,7,102,6,138,11,167
2021,650,105,1695,97,1584,99,1573,93,1495,7,109,7,145,12,179
2021,649,117,1812,110,1694,107,1680,96,1591,9,118,10,155,19,198
2021,648,124,1936,108,1802,103,1783,101,1692,16,134,21,176,23,221
2021,647,125,2061,108,1910,108,1891,105,1797,14,148,20,196,20,241
2021,646,138,2199,127,2037,123,2014,120,1917,13,161,14,210,17,258
2021,645,135,2334,116,2153,116,2130,101,2018,17,178,27,237,28,286
2021,644,150,2484,132,2285,133,2263,125,2143,12,190,16,253,32,318
2021,643,156,2640,142,2427,137,2400,127,2270,16,206,17,270,29,347
2021,642,168,2808,147,2574,146,2546,140,2410,21,227,21,291,29,376
2021,641,162,2970,142,2716,142,2688,138,2548,19,246,22,313,23,399
2021,640,175,3145,148,2864,145,2833,137,2685,27,273,34,347,34,433
2021,639,189,3334,166,3030,163,2996,150,2835,20,293,30,377,38,471
2021,638,192,3526,170,3200,163,3159,158,2993,21,314,28,405,36,507
2021,637,227,3753,196,3396,182,3341,169,3162,36,350,48,453,50,557
2021,636,203,3956,170,3566,163,3504,166,3328,40,390,31,484,39,596
2021,635,214,4170,183,3749,185,3689,174,3502,29,419,34,518,37,633
2021,634,223,4393,189,3938,173,3862,179,3681,33,452,43,561,52,685
2021,633,207,4600,166,4104,170,4032,153,3834,38,490,47,608,47,732
2021,632,220,4820,179,4283,176,4208,169,4003,43,533,45,653,48,780
2021,631,247,5067,206,4489,203,4411,196,4199,35,568,47,700,54,834
2021,630,246,5313,195,4684,201,4612,189,4388,42,610,52,752,59,893
2021,629,265,5578,228,4912,220,4832,208,4596,39,649,41,793,59,952
2021,628,266,5844,226,5138,212,5044,214,4810,41,690,38,831,67,1019
2021,627,266,6110,216,5354,216,5260,219,5029,38,728,48,879,61,1080
2021,626,297,6407,244,5598,248,5508,235,5264,46,774,53,932,65,1145
2021,625,302,6709,254,5852,249,5757,246,5510,43,817,45,977,69,1214
2021,624,287,6996,223,6075,229,5986,222,5732,60,877,58,1035,69,1283
2021,623,297,7293,237,6312,236,6222,214,5946,55,932,65,1100,84,1367
2021,622,311,7604,239,6551,252,6474,234,6180,63,995,65,1165,80,1447
2021,621,323,7927,269,6820,262,6736,246,6426,50,1045,60,1225,82,1529
2021,620,289,8216,224,7044,230,6966,221,6647,52,1097,57,1282,83,1612
2021,619,312,8528,250,7294,247,7213,243,6890,61,1158,59,1341,76,1688
2021,618,354,8882,274,7568,259,7472,264,7154,78,1236,86,1427,101,1789
2021,617,379,9261,317,7885,307,7779,288,7442,58,1294,73,1500,94,1883
2021,616,381,9642,297,8182,293,8072,290,7732,71,1365,89,1589,103,1986
2021,615,389,10031,297,8479,274,8346,279,8011,92,1457,99,1688,126,2112
2021,614,405,10436,324,8803,321,8667,303,8314,71,1528,85,1773,111,2223
2021,613,407,10843,324,9127,304,8971,311,8625,88,1616,87,1860,107,2330
2021,612,421,11264,317,9444,316,9287,305,8930,91,1707,109,1969,125,2455
2021,611,401,11665,301,9745,304,9591,299,9229,93,1800,92,2061,114,2569
2021,610,413,12078,315,10060,325,9916,303,9532,85,1885,93,2154,118,2687
2021,609,428,12506,326,10386,323,10239,328,9860,88,1973,89,2243,130,2817
2021,608,424,12930,323,10709,320,10559,305,10165,83,2056,111,2354,130,2947
2021,607,435,13365,314,11023,309,10868,314,10479,106,2162,127,2481,135,3082
2021,606,479,13844,361,11384,363,11231,353,10832,114,2276,101,2582,145,3227
2021,605,487,14331,361,11745,366,11597,361,11193,107,2383,106,2688,160,3387
2021,604,479,14810,358,12103,369,11966,360,11553,90,2473,107,2795,153,3540
2021,603,534,15344,386,12489,389,12355,410,11963,113,2586,147,2942,157,3697
2021,602,530,15874,397,12886,402,12757,378,12341,122,2708,125,3067,166,3863
2021,601,536,16410,400,13286,407,13164,396,12737,125,2833,127,3194,153,4016
2021,600,521,16931,362,13648,367,13531,368,13105,126,2959,148,3342,192,4208
2021,599,561,17492,393,14041,393,13924,401,13506,145,3104,158,3500,193,4401
2021,598,585,18077,425,14466,415,14339,428,13934,146,3250,141,3641,200,4601
2021,597,552,18629,395,14861,394,14733,407,14341,129,3379,140,3781,191,4792
2021,596,579,19208,402,15263,404,15137,421,14762,141,3520,153,3934,216,5008
2021,595,628,19836,438,15701,434,15571,439,15201,159,3679,166,4100,248,5256
2021,594,594,20430,428,16129,429,16000,424,15625,152,3831,151,4251,198,5454
2021,593,640,21070,456,16585,448,16448,473,16098,166,3997,178,4429,199,5653
2021,592,628,21698,445,17030,450,16898,467,16565,148,4145,159,4588,215,5868
2021,591,659,22357,472,17502,467,17365,479,17044,166,4311,163,4751,230,6098
2021,590,651,23008,440,17942,450,17815,450,17494,188,4499,187,4938,238,6336
2021,589,636,23644,447,18389,463,18278,487,17981,152,4651,159,5097,200,6536
2021,588,636,24280,438,18827,457,18735,448,18429,167,4818,165,5262,233,6769
2021,587,671,24951,469,19296,459,19194,489,18918,177,4995,179,5441,240,7009
2021,586,690,25641,487,19783,474,19668,493,19411,173,5168,185,5626,258,7267
2021,585,695,26336,480,20263,485,20153,505,19916,175,5343,188,5814,252,7519
2021,584,721,27057,476,20739,483,20636,495,20411,206,5549,227,6041,276,7795
2021,583,766,27823,518,21257,537,21173,524,20935,214,5763,214,6255,291,8086
2021,582,709,28532,483,21740,479,21652,516,21451,193,5956,198,6453,258,8344
2021,581,748,29280,474,22214,503,22155,536,21987,223,6179,223,6676,285,8629
2021,580,824,30104,553,22767,550,22705,612,22599,219,6398,222,6898,316,8945
2021,579,816,30920,536,23303,546,23251,569,23168,232,6630,235,7133,330,9275
2021,578,792,31712,530,23833,538,23789,529,23697,243,6873,240,7373,296,9571
2021,577,851,32563,561,24394,564,24353,579,24276,249,7122,256,7629,344,9915
2021,576,863,33426,577,24971,601,24954,592,24868,235,7357,256,7885,328,10243
2021,575,859,34285,549,25520,583,25537,601,25469,250,7607,257,8142,337,10580
2021,574,877,35162,565,26085,584,26121,617,26086,259,7866,271,8413,335,10915
2021,573,919,36081,602,26687,627,26748,663,26749,255,8121,255,8668,355,11270
2021,572,881,36962,567,27254,610,27358,599,27348,254,8375,272,8940,341,11611
2021,571,1004,37966,640,27894,650,28008,690,28038,308,8683,331,9271,393,12004
2021,570,911,38877,592,28486,625,28633,642,28680,263,8946,259,9530,352,12356
2021,569,951,39828,591,29077,602,29235,666,29346,287,9233,314,9844,393,12749
2021,568,1006,40834,659,29736,676,29911,723,30069,301,9534,289,10133,370,13119
2021,567,1018,41852,639,30375,680,30591,706,30775,301,9835,319,10452,409,13528
2021,566,1037,42889,662,31037,666,31257,736,31511,310,10145,314,10766,423,13951
2021,565,1052,43941,669,31706,677,31934,731,32242,323,10468,322,11088,434,14385
2021,564,1007,44948,662,32368,646,32580,718,32960,307,10775,299,11387,389,14774
2021,563,1073,46021,684,33052,688,33268,728,33688,331,11106,342,11729,446,15220
2021,562,1110,47131,709,33761,705,33973,755,34443,349,11455,356,12085,456,15676
2021,561,1028,48159,650,34411,660,34633,707,35150,314,11769,318,12403,435,16111
2021,560,1133,49292,683,35094,713,35346,773,35923,396,12165,365,12768,469,16580
2021,559,1118,50410,654,35748,738,36084,773,36696,354,12519,340,13108,495,17075
2021,558,1123,51533,693,36441,737,36821,794,37490,328,12847,340,13448,477,17552
2021,557,1159,52692,722,37163,774,37595,796,38286,355,13202,368,13816,462,18014
2021,556,1151,53843,679,37842,750,38345,787,39073,368,13570,373,14189,496,18510
2021,555,1215,55058,712,38554,807,39152,818,39891,389,13959,394,14583,525,19035
2021,554,1195,56253,718,39272,783,39935,812,40703,398,14357,364,14947,510,19545
2021,553,1271,57524,756,40028,798,40733,879,41582,407,14764,434,15381,539,20084
2021,552,1282,58806,757,40785,799,41532,884,42466,431,15195,427,15808,548,20632
2021,551,1291,60097,772,41557,802,42334,887,43353,413,15608,420,16228,579,21211
2021,550,1323,61420,788,42345,843,43177,934,44287,410,16018,419,16647,575,21786
2021,549,1340,62760,771,43116,809,43986,919,45206,445,16463,480,17127,596,22382
2021,548,1301,64061,787,43903,813,44799,871,46077,438,16901,402,17529,592,22974
2021,547,1314,65375,756,44659,817,45616,881,46958,453,17354,449,17978,586,23560
2021,546,1333,66708,774,45433,865,46481,916,47874,440,17794,420,18398,584,24144
2021,545,1383,68091,762,46195,847,47328,916,48790,496,18290,486,18884,642,24786
2021,544,1436,69527,789,46984,869,48197,977,49767,512,18802,489,19373,672,25458
2021,543,1481,71008,860,47844,923,49120,1012,50779,479,19281,488,19861,681,26139
2021,542,1382,72390,791,48635,872,49992,949,51728,459,19740,445,20306,630,26769
2021,541,1536,73926,845,49480,935,50927,1022,52750,542,20282,541,20847,723,27492
2021,540,1438,75364,791,50271,870,51797,1000,53750,487,20769,492,21339,674,28166
2021,539,1510,76874,870,51141,915,52712,1006,54756,517,21286,518,21857,704,28870
2021,538,1555,78429,871,52012,939,53651,1070,55826,522,21808,538,22395,725,29595
2021,537,1589,80018,878,52890,975,54626,1068,56894,539,22347,564,22959,743,30338
2021,536,1594,81612,917,53807,988,55614,1074,57968,552,22899,539,23498,712,31050
2021,535,1626,83238,900,54707,986,56600,1113,59081,557,23456,548,24046,774,31824
2021,534,1657,84895,923,55630,1011,57611,1129,60210,552,24008,580,24626,776,32600
2021,533,1683,86578,912,56542,1015,58626,1141,61351,575,24583,587,25213,819,33419
2021,532,1618,88196,879,57421,994,59620,1104,62455,574,25157,547,25760,756,34175
2021,531,1684,89880,941,58362,1050,60670,1162,63617,569,25726,538,26298,792,34967
2021,530,1695,91575,921,59283,1006,61676,1167,64784,581,26307,623,26921,787,35754
2021,529,1760,93335,936,60219,1030,62706,1186,65970,602,26909,636,27557,890,36644
2021,528,1726,95061,930,61149,1056,63762,1202,67172,572,27481,586,28143,832,37476
2021,527,1832,96893,986,62135,1129,64891,1261,68433,636,28117,641,28784,843,38319
2021,526,1805,98698,959,63094,1096,65987,1213,69646,603,28720,657,29441,887,39206
2021,525,1833,100531,914,64008,1096,67083,1283,70929,656,29376,664,30105,886,40092
2021,524,1792,102323,948,64956,1047,68130,1218,72147,628,30004,640,30745,895,40987
2021,523,1867,104190,1004,65960,1122,69252,1275,73422,669,30673,629,31374,902,41889
2021,522,1814,106004,957,66917,1097,70349,1224,74646,622,31295,661,32035,881,42770
2021,521,1850,107854,961,67878,1135,71484,1245,75891,627,31922,653,32688,929,43699
2021,520,1920,109774,1023,68901,1141,72625,1279,77170,674,32596,681,33369,962,44661
2021,519,1922,111696,988,69889,1144,73769,1358,78528,624,33220,695,34064,957,45618
2021,518,1942,113638,997,70886,1145,74914,1307,79835,691,33911,701,34765,985,46603
2021,517,1924,115562,986,71872,1140,76054,1327,81162,658,34569,717,35482,944,47547
2021,516,1953,117515,965,72837,1197,77251,1311,82473,670,35239,729,36211,987,48534
2021,515,1989,119504,1001,73838,1162,78413,1369,83842,724,35963,737,36948,974,49508
2021,514,2067,121571,1022,74860,1218,79631,1439,85281,704,36667,745,37693,1073,50581
2021,513,2084,123655,1063,75923,1244,80875,1422,86703,755,37422,765,38458,1003,51584
2021,512,2024,125679,992,76915,1160,82035,1364,88067,738,38160,783,39241,1035,52619
2021,511,2026,127705,991,77906,1200,83235,1382,89449,716,38876,766,40007,1023,53642
2021,510,2010,129715,968,78874,1176,84411,1362,90811,725,39601,759,40766,1040,54682
2021,509,2042,131757,999,79873,1175,85586,1426,92237,728,40329,768,41534,1030,55712
2021,508,2051,133808,1008,80881,1212,86798,1422,93659,709,41038,733,42267,1069,56781
2021,507,2114,135922,1065,81946,1258,88056,1441,95100,743,41781,787,43054,1048,57829
2021,506,2157,138079,1055,83001,1220,89276,1495,96595,776,42557,809,43863,1116,58945
2021,505,2099,140178,1020,84021,1202,90478,1449,98044,742,43299,823,44686,1061,60006
2021,504,2103,142281,1075,85096,1213,91691,1411,99455,720,44019,784,45470,1106,61112
2021,503,2230,144511,1047,86143,1296,92987,1554,101009,801,44820,853,46323,1139,62251
2021,502,2178,146689,1040,87183,1262,94249,1491,102500,784,45604,824,47147,1133,63384
2021,501,2204,148893,1048,88231,1286,95535,1547,104047,756,46360,820,47967,1155,64539
2021,500,2214,151107,1041,89272,1307,96842,1513,105560,780,47140,808,48775,1193,65732
2021,499,2155,153262,1025,90297,1226,98068,1515,107075,779,47919,815,49590,1105,66837
2021,498,2192,155454,1025,91322,1270,99338,1506,108581,801,48720,824,50414,1150,67987
2021,497,2296,157750,1086,92408,1320,100658,1565,110146,799,49519,883,51297,1235,69222
2021,496,2285,160035,1041,93449,1277,101935,1544,111690,857,50376,898,52195,1238,70460
2021,495,2298,162333,1054,94503,1335,103270,1587,113277,836,51212,868,53063,1214,71674
2021,494,2231,164564,1077,95580,1251,104521,1499,114776,804,52016,874,53937,1188,72862
2021,493,2264,166828,1072,96652,1316,105837,1557,116333,817,52833,861,54798,1169,74031
2021,492,2270,169098,1074,97726,1255,107092,1539,117872,837,53670,897,55695,1208,75239
2021,491,2299,171397,1083,98809,1331,108423,1583,119455,808,54478,870,56565,1222,76461
2021,490,2331,173728,1053,99862,1288,109711,1594,121049,845,55323,938,57503,1275,77736
2021,489,2282,176010,1040,100902,1254,110965,1573,122622,829,56152,900,58403,1250,78986
2021,488,2314,178324,1046,101948,1294,112259,1585,124207,830,56982,900,59303,1287,80273
2021,487,2320,180644,1045,102993,1333,113592,1597,125804,827,57809,916,60219,1242,81515
2021,486,2361,183005,1119,104112,1367,114959,1633,127437,849,58658,890,61109,1225,82740
2021,485,2361,185366,1069,105181,1337,116296,1632,129069,819,59477,924,62033,1302,84042
2021,484,2343,187709,1074,106255,1308,117604,1621,130690,802,60279,938,62971,1286,85328
2021,483,2326,190035,1029,107284,1245,118849,1618,132308,848,61127,968,63939,1270,86598
2021,482,2237,192272,1018,108302,1236,120085,1517,133825,828,61955,881,64820,1231,87829
2021,481,2332,194604,1082,109384,1322,121407,1620,135445,795,62750,914,65734,1263,89092
2021,480,2377,196981,1046,110430,1329,122736,1625,137070,846,63596,964,66698,1321,90413
2021,479,2281,199262,1048,111478,1297,124033,1562,138632,788,64384,871,67569,1277,91690
2021,478,2316,201578,1040,112518,1323,125356,1584,140216,808,65192,898,68467,1295,92985
2021,477,2225,203803,1002,113520,1192,126548,1525,141741,813,66005,897,69364,1246,94231
2021,476,2313,206116,1012,114532,1228,127776,1617,143358,833,66838,946,70310,1303,95534
2021,475,2322,208438,979,115511,1281,129057,1602,144960,847,67685,975,71285,1282,96816
2021,474,2307,210745,1011,116522,1296,130353,1589,146549,872,68557,886,72171,1267,98083
2021,473,2301,213046,1063,117585,1269,131622,1563,148112,802,69359,942,73113,1264,99347
2021,472,2260,215306,967,118552,1274,132896,1551,149663,856,70215,897,74010,1235,100582
2021,471,2321,217627,998,119550,1298,134194,1586,151249,860,71075,941,74951,1280,101862
2021,470,2377,220004,987,120537,1281,135475,1619,152868,869,71944,1015,75966,1360,103222
2021,469,2289,222293,1005,121542,1255,136730,1565,154433,840,72784,932,76898,1270,104492
2021,468,2246,224539,972,122514,1229,137959,1548,155981,801,73585,917,77815,1271,105763
2021,467,2185,226724,898,123412,1191,139150,1503,157484,818,74403,903,78718,1242,107005
2021,466,2144,228868,929,124341,1155,140305,1465,158949,752,75155,921,79639,1210,108215
2021,465,2363,231231,1003,125344,1260,141565,1596,160545,871,76026,1024,80663,1335,109550
2021,464,2246,233477,953,126297,1220,142785,1550,162095,810,76836,939,81602,1266,110816
2021,463,2319,235796,994,127291,1254,144039,1584,163679,842,77678,967,82569,1316,112132
2021,462,2243,238039,939,128230,1242,145281,1530,165209,803,78481,964,83533,1251,113383
2021,461,2218,240257,906,129136,1198,146479,1491,166700,811,79292,964,84497,1284,114667
2021,460,2233,242490,939,130075,1235,147714,1535,168235,798,80090,941,85438,1251,115918
2021,459,2217,244707,929,131004,1176,148890,1522,169757,827,80917,937,86375,1260,117178
2021,458,2180,246887,874,131878,1160,150050,1498,171255,809,81726,982,87357,1217,118395
2021,457,2246,249133,915,132793,1188,151238,1538,172793,795,82521,988,88345,1314,119709
2021,456,2153,251286,891,133684,1163,152401,1434,174227,813,83334,913,89258,1245,120954
2021,455,2247,253533,945,134629,1170,153571,1511,175738,836,84170,1004,90262,1275,122229
2021,454,2148,255681,883,135512,1155,154726,1462,177200,804,84974,930,91192,1210,123439
2021,453,2173,257854,864,136376,1111,155837,1493,178693,799,85773,979,92171,1273,124712
2021,452,2163,260017,888,137264,1129,156966,1449,180142,815,86588,941,93112,1267,125979
2021,451,2127,262144,856,138120,1097,158063,1442,181584,817,87405,933,94045,1236,127215
2021,450,2084,264228,842,138962,1059,159122,1404,182988,793,88198,924,94969,1230,128445
2021,449,2108,266336,804,139766,1109,160231,1401,184389,788,88986,959,95928,1263,129708
2021,448,2164,268500,859,140625,1112,161343,1513,185902,806,89792,963,96891,1239,130947
2021,447,2097,270597,784,141409,1078,162421,1420,187322,826,90618,951,97842,1232,132179
2021,446,2073,272670,816,142225,1054,163475,1400,188722,766,91384,942,98784,1241,133420
2021,445,2134,274804,844,143069,1106,164581,1445,190167,788,92172,940,99724,1279,134699
2021,444,2100,276904,814,143883,1072,165653,1412,191579,808,92980,935,100659,1259,135958
2021,443,1993,278897,750,144633,1049,166702,1354,192933,768,93748,894,101553,1164,137122
2021,442,2006,280903,742,145375,1004,167706,1349,194282,789,94537,965,102518,1169,138291
2021,441,1959,282862,740,146115,980,168686,1312,195594,752,95289,906,103424,1187,139478
2021,440,1892,284754,733,146848,927,169613,1260,196854,771,96060,837,104261,1148,140626
2021,439,2060,286814,797,147645,1019,170632,1390,198244,782,96842,925,105186,1267,141893
2021,438,1949,288763,734,148379,987,171619,1333,199577,760,97602,870,106056,1163,143056
2021,437,1919,290682,752,149131,947,172566,1270,200847,733,98335,890,106946,1165,144221
2021,436,1902,292584,743,149874,927,173493,1292,202139,734,99069,860,107806,1150,145371
2021,435,1957,294541,698,150572,969,174462,1382,203521,731,99800,917,108723,1174,146545
2021,434,1906,296447,738,151310,966,175428,1305,204826,715,100515,874,109597,1120,147665
2021,433,1912,298359,676,151986,956,176384,1284,206110,779,101294,914,110511,1127,148792
2021,432,1902,300261,699,152685,980,177364,1316,207426,719,102013,869,111380,1123,149915
2021,431,1818,302079,666,153351,916,178280,1244,208670,699,102712,829,112209,1100,151015
2021,430,1869,303948,684,154035,907,179187,1261,209931,710,103422,923,113132,1122,152137
2021,429,1888,305836,677,154712,930,180117,1307,211238,712,104134,878,114010,1160,153297
2021,428,1874,307710,700,155412,938,181055,1255,212493,698,104832,889,114899,1142,154439
2021,427,1844,309554,646,156058,877,181932,1238,213731,743,105575,906,115805,1122,155561
2021,426,1819,311373,631,156689,855,182787,1191,214922,728,106303,906,116711,1146,156707
2021,425,1896,313269,721,157410,897,183684,1223,216145,734,107037,918,117629,1195,157902
2021,424,1714,314983,617,158027,834,184518,1139,217284,675,107712,826,118455,1051,158953
2021,423,1857,316840,661,158688,891,185409,1264,218548,751,108463,873,119328,1131,160084
2021,422,1789,318629,638,159326,853,186262,1171,219719,731,109194,886,120214,1088,161172
2021,421,1808,320437,664,159990,833,187095,1196,220915,729,109923,917,121131,1085,162257
2021,420,1822,322259,603,160593,871,187966,1198,222113,741,110664,889,122020,1164,163421
2021,419,1631,323890,596,161189,735,188701,1079,223192,641,111305,813,122833,1029,164450
2021,418,1688,325578,532,161721,756,189457,1093,224285,704,112009,880,123713,1099,165549
2021,417,1691,327269,568,162289,730,190187,1172,225457,683,112692,868,124581,1052,166601
2021,416,1701,328970,588,162877,757,190944,1140,226597,680,113372,874,125455,1064,167665
2021,415,1685,330655,580,163457,736,191680,1110,227707,698,114070,824,126279,1107,168772
2021,414,1796,332451,575,164032,778,192458,1149,228856,762,114832,950,127229,1174,169946
2021,413,1680,334131,540,164572,738,193196,1063,229919,752,115584,889,128118,1058,171004
2021,412,1642,335773,526,165098,740,193936,1080,230999,693,116277,841,128959,1046,172050
2021,411,1655,337428,529,165627,721,194657,1083,232082,740,117017,858,129817,1034,173084
2021,410,1665,339093,556,166183,720,195377,1072,233154,685,117702,891,130708,1071,174155
2021,409,1695,340788,534,166717,727,196104,1133,234287,696,118398,890,131598,1105,175260
2021,408,1593,342381,508,167225,686,196790,1057,235344,673,119071,818,132416,1037,176297
2021,407,1628,344009,515,167740,675,197465,1062,236406,692,119763,849,133265,1091,177388
2021,406,1661,345670,510,168250,695,198160,1100,237506,707,120470,901,134166,1070,178458
2021,405,1611,347281,496,168746,672,198832,1056,238562,659,121129,891,135057,1059,179517
2021,404,1612,348893,479,169225,666,199498,996,239558,711,121840,903,135960,1081,180598
2021,403,1586,350479,505,169730,646,200144,1015,240573,668,122508,877,136837,1047,181645
2021,402,1655,352134,489,170219,652,200796,1082,241655,718,123226,950,137787,1074,182719
2021,401,1601,353735,479,170698,663,201459,1027,242682,710,123936,881,138668,1043,183762
2021,400,1552,355287,484,171182,627,202086,998,243680,660,124596,847,139515,1040,184802
2021,399,1666,356953,495,171677,674,202760,1065,244745,727,125323,911,140426,1126,185928
2021,398,1490,358443,406,172083,586,203346,969,245714,668,125991,857,141283,984,186912
2021,397,1551,359994,426,172509,618,203964,976,246690,675,126666,903,142186,1055,187967
2021,396,1547,361541,431,172940,555,204519,969,247659,700,127366,920,143106,1066,189033
2021,395,1552,363093,433,173373,597,205116,1005,248664,722,128088,865,143971,1034,190067
2021,394,1515,364608,429,173802,544,205660,949,249613,693,128781,896,144867,1034,191101
2021,393,1531,366139,417,174219,577,206237,951,250564,712,129493,902,145769,1034,192135
2021,392,1522,367661,457,174676,539,206776,933,251497,672,130165,888,146657,1077,193212
2021,391,1550,369211,445,175121,583,207359,984,252481,703,130868,887,147544,1048,194260
2021,390,1534,370745,425,175546,590,207949,980,253461,691,131559,877,148421,1039,195299
2021,389,1517,372262,408,175954,565,208514,966,254427,689,132248,875,149296,1048,196347
2021,388,1477,373739,385,176339,505,209019,922,255349,693,132941,885,150181,1041,197388
2021,387,1505,375244,419,176758,529,209548,916,256265,689,133630,906,151087,1056,198444
2021,386,1519,376763,424,177182,562,210110,949,257214,687,134317,881,151968,1054,199498
2021,385,1518,378281,364,177546,570,210680,911,258125,725,135042,931,152899,1053,200551
2021,384,1446,379727,362,177908,511,211191,902,259027,675,135717,880,153779,1008,201559
2021,383,1478,381205,376,178284,520,211711,912,259939,688,136405,905,154684,1033,202592
2021,382,1487,382692,376,178660,517,212228,925,260864,726,137131,901,155585,1016,203608
2021,381,1496,384188,380,179040,494,212722,923,261787,713,137844,923,156508,1055,204663
2021,380,1456,385644,372,179412,490,213212,889,262676,712,138556,888,157396,1017,205680
2021,379,1422,387066,342,179754,486,213698,824,263500,699,139255,893,158289,1022,206702
2021,378,1484,388550,366,180120,493,214191,895,264395,720,139975,950,159239,1028,207730
2021,377,1482,390032,366,180486,495,214686,904,265299,732,140707,902,160141,1047,208777
2021,376,1463,391495,349,180835,478,215164,921,266220,681,141388,930,161071,1030,209807
2021,375,1464,392959,343,181178,476,215640,907,267127,704,142092,925,161996,1037,210844
2021,374,1450,394409,366,181544,446,216086,860,267987,713,142805,913,162909,1052,211896
2021,373,1441,395850,324,181868,457,216543,830,268817,717,143522,946,163855,1049,212945
2021,372,1347,397197,293,182161,423,216966,780,269597,680,144202,877,164732,988,213933
2021,371,1489,398686,319,182480,456,217422,882,270479,740,144942,993,165725,1077,215010
2021,370,1451,400137,343,182823,438,217860,879,271358,688,145630,950,166675,1055,216065
2021,369,1432,401569,332,183155,440,218300,849,272207,713,146343,929,167604,1033,217098
2021,368,1461,403030,363,183518,456,218756,871,273078,704,147047,951,168555,1038,218136
2021,367,1383,404413,307,183825,427,219183,815,273893,681,147728,904,169459,1015,219151
2021,366,1432,405845,315,184140,406,219589,819,274712,746,148474,967,170426,1043,220194
2021,365,1377,407222,274,184414,390,219979,813,275525,726,149200,936,171362,992,221186
2021,364,1410,408632,312,184726,412,220391,820,276345,717,149917,927,172289,1042,222228
2021,363,1407,410039,318,185044,399,220790,795,277140,712,150629,956,173245,1041,223269
2021,362,1484,411523,316,185360,418,221208,902,278042,742,151371,989,174234,1085,224354
2021,361,1434,412957,320,185680,408,221616,845,278887,714,152085,957,175191,1058,225412
2021,360,1435,414392,292,185972,406,222022,847,279734,708,152793,966,176157,1086,226498
2021,359,1415,415807,287,186259,391,222413,826,280560,734,153527,942,177099,1065,227563
2021,358,1364,417171,258,186517,366,222779,795,281355,693,154220,937,178036,1043,228606
2021,357,1392,418563,289,186806,376,223155,843,282198,668,154888,940,178976,1060,229666
2021,356,1366,419929,254,187060,348,223503,766,282964,713,155601,964,179940,1053,230719
2021,355,1340,421269,272,187332,340,223843,788,283752,693,156294,895,180835,1032,231751
2021,354,1401,422670,273,187605,395,224238,810,284562,725,157019,967,181802,1033,232784
2021,353,1407,424077,279,187884,367,224605,809,285371,707,157726,956,182758,1103,233887
2021,352,1310,425387,257,188141,364,224969,749,286120,683,158409,893,183651,984,234871
2021,351,1375,426762,273,188414,391,225360,813,286933,687,159096,934,184585,1027,235898
2021,350,1308,428070,252,188666,335,225695,768,287701,662,159758,910,185495,994,236892
2021,349,1318,429388,270,188936,352,226047,756,288457,685,160443,871,186366,1020,237912
2021,348,1338,430726,239,189175,348,226395,763,289220,705,161148,926,187292,1033,238945
2021,347,1270,431996,223,189398,327,226722,703,289923,669,161817,907,188199,981,239926
2021,346,1326,433322,249,189647,328,227050,763,290686,670,162487,934,189133,1034,240960
2021,345,1316,434638,255,189902,358,227408,746,291432,691,163178,902,190035,996,241956
2021,344,1329,435967,241,190143,311,227719,770,292202,700,163878,932,190967,1033,242989
2021,343,1354,437321,264,190407,339,228058,758,292960,694,164572,954,191921,1053,244042
2021,342,1351,438672,258,190665,338,228396,780,293740,698,165270,925,192846,1054,245096
2021,341,1392,440064,253,190918,306,228702,774,294514,753,166023,1003,193849,1087,246183
2021,340,1324,441388,220,191138,310,229012,733,295247,708,166731,974,194823,1027,247210
2021,339,1370,442758,212,191350,302,229314,756,296003,769,167500,993,195816,1078,248288
2021,338,1229,443987,216,191566,284,229598,661,296664,665,168165,899,196715,962,249250
2021,337,1313,445300,228,191794,314,229912,763,297427,682,168847,952,197667,1000,250250
2021,336,1348,446648,232,192026,331,230243,761,298188,698,169545,964,198631,1058,251308
2021,335,1353,448001,227,192253,331,230574,766,298954,692,170237,984,199615,1059,252367
2021,334,1380,449381,240,192493,306,230880,745,299699,770,171007,1012,200627,1067,253434
2021,333,1244,450625,206,192699,271,231151,669,300368,679,171686,941,201568,966,254400
2021,332,1272,451897,219,192918,289,231440,731,301099,688,172374,915,202483,974,255374
2021,331,1253,453150,220,193138,301,231741,708,301807,629,173003,922,203405,979,256353
2021,330,1268,454418,220,193358,304,232045,697,302504,669,173672,924,204329,990,257343
2021,329,1217,455635,188,193546,271,232316,700,303204,659,174331,876,205205,957,258300
2021,328,1288,456923,204,193750,288,232604,712,303916,692,175023,948,206153,1020,259320
2021,327,1177,458100,181,193931,248,232852,650,304566,646,175669,867,207020,939,260259
2021,326,1248,459348,203,194134,266,233118,684,305250,680,176349,911,207931,1000,261259
2021,325,1221,460569,200,194334,252,233370,664,305914,653,177002,910,208841,984,262243
2021,324,1206,461775,209,194543,238,233608,648,306562,638,177640,890,209731,995,263238
2021,323,1267,463042,211,194754,265,233873,682,307244,676,178316,958,210689,1009,264247
2021,322,1268,464310,186,194940,254,234127,691,307935,722,179038,941,211630,1010,265257
2021,321,1263,465573,218,195158,249,234376,682,308617,705,179743,923,212553,1012,266269
2021,320,1222,466795,195,195353,227,234603,670,309287,664,180407,919,213472,991,267260
2021,319,1259,468054,217,195570,272,234875,705,309992,679,181086,915,214387,989,268249
2021,318,1152,469206,189,195759,214,235089,611,310603,638,181724,858,215245,946,269195
2021,317,1171,470377,179,195938,223,235312,638,311241,641,182365,884,216129,948,270143
2021,316,1184,471561,195,196133,251,235563,619,311860,653,183018,886,217015,948,271091
2021,315,1145,472706,171,196304,214,235777,629,312489,611,183629,875,217890,935,272026
2021,314,1151,473857,190,196494,224,236001,612,313101,628,184257,861,218751,938,272964
2021,313,1176,475033,192,196686,211,236212,647,313748,652,184909,882,219633,944,273908
2021,312,1087,476120,173,196859,215,236427,577,314325,596,185505,831,220464,869,274777
2021,311,1093,477213,173,197032,210,236637,568,314893,592,186097,854,221318,882,275659
2021,310,1087,478300,173,197205,208,236845,597,315490,573,186670,832,222150,878,276537
2021,309,1147,479447,161,197366,224,237069,651,316141,620,187290,878,223028,907,277444
2021,308,1118,480565,186,197552,214,237283,619,316760,589,187879,840,223868,906,278350
2021,307,1095,481660,182,197734,196,237479,582,317342,589,188468,854,224722,882,279232
2021,306,1080,482740,171,197905,214,237693,569,317911,588,189056,837,225559,861,280093
2021,305,1096,483836,155,198060,220,237913,546,318457,626,189682,843,226402,898,280991
2021,304,1075,484911,176,198236,229,238142,596,319053,572,190254,810,227212,842,281833
2021,303,1171,486082,164,198400,211,238353,605,319658,661,190915,924,228136,948,282781
2021,302,1024,487106,151,198551,204,238557,568,320226,553,191468,763,228899,833,283614
2021,301,1023,488129,172,198723,193,238750,574,320800,534,192002,771,229670,825,284439
2021,300,1116,489245,159,198882,199,238949,598,321398,601,192603,859,230529,932,285371
2021,299,993,490238,168,199050,171,239120,523,321921,540,193143,768,231297,809,286180
2021,298,990,491228,162,199212,157,239277,501,322422,567,193710,767,232064,816,286996
2021,297,1004,492232,156,199368,174,239451,534,322956,555,194265,769,232833,824,287820
2021,296,996,493228,141,199509,170,239621,524,323480,565,194830,788,233621,800,288620
2021,295,977,494205,140,199649,175,239796,516,323996,540,195370,751,234372,809,289429
2021,294,994,495199,146,199795,166,239962,533,324529,540,195910,785,235157,812,290241
2021,293,985,496184,141,199936,181,240143,552,325081,518,196428,765,235922,798,291039
2021,292,907,497091,163,200099,150,240293,492,325573,490,196918,693,236615,733,291772
2021,291,926,498017,135,200234,182,240475,506,326079,512,197430,707,237322,733,292505
2021,290,987,499004,146,200380,156,240631,563,326642,513,197943,775,238097,808,293313
2021,289,938,499942,142,200522,157,240788,493,327135,504,198447,754,238851,764,294077
2021,288,920,500862,125,200647,163,240951,521,327656,493,198940,735,239586,723,294800
2021,287,923,501785,124,200771,139,241090,472,328128,542,199482,740,240326,752,295552
2021,286,921,502706,153,200924,163,241253,485,328613,488,199970,718,241044,756,296308
2021,285,868,503574,118,201042,125,241378,434,329047,478,200448,714,241758,735,297043
2021,284,894,504468,117,201159,135,241513,467,329514,495,200943,723,242481,745,297788
2021,283,909,505377,149,201308,137,241650,481,329995,481,201424,720,243201,759,298547
2021,282,871,506248,138,201446,131,241781,463,330458,478,201902,689,243890,714,299261
2021,281,890,507138,120,201566,144,241925,482,330940,487,202389,706,244596,731,299992
2021,280,853,507991,117,201683,146,242071,471,331411,459,202848,671,245267,695,300687
2021,279,834,508825,116,201799,134,242205,450,331861,476,203324,652,245919,671,301358
2021,278,830,509655,110,201909,126,242331,436,332297,473,203797,657,246576,688,302046
2021,277,782,510437,113,202022,132,242463,399,332696,420,204217,640,247216,642,302688
2021,276,769,511206,109,202131,134,242597,413,333109,410,204627,621,247837,620,303308
2021,275,805,512011,137,202268,121,242718,414,333523,439,205066,641,248478,663,303971
2021,274,774,512785,135,202403,121,242839,416,333939,389,205455,617,249095,644,304615
2021,273,741,513526,114,202517,124,242963,429,334368,384,205839,576,249671,596,305211
2021,272,781,514307,126,202643,126,243089,427,334795,398,206237,611,250282,655,305866
2021,271,776,515083,108,202751,126,243215,412,335207,416,206653,608,250890,658,306524
2021,270,785,515868,142,202893,130,243345,426,335633,405,207058,610,251500,642,307166
2021,269,759,516627,104,202997,120,243465,419,336052,418,207476,612,252112,604,307770
2021,268,731,517358,124,203121,94,243559,365,336417,426,207902,584,252696,600,308370
2021,267,668,518026,116,203237,116,243675,365,336782,354,208256,518,253214,535,308905
2021,266,698,518724,111,203348,111,243786,400,337182,360,208616,551,253765,561,309466
2021,265,672,519396,112,203460,117,243903,360,337542,363,208979,515,254280,549,310015
2021,264,648,520044,95,203555,118,244021,332,337874,348,209327,507,254787,541,310556
2021,263,630,520674,97,203652,86,244107,327,338201,351,209678,515,255302,514,311070
2021,262,664,521338,114,203766,103,244210,356,338557,360,210038,526,255828,533,311603
2021,261,644,521982,108,203874,104,244314,350,338907,328,210366,509,256337,533,312136
2021,260,623,522605,101,203975,95,244409,321,339228,353,210719,490,256827,509,312645
2021,259,627,523232,105,204080,97,244506,343,339571,341,211060,494,257321,501,313146
2021,258,571,523803,81,204161,80,244586,306,339877,338,211398,448,257769,459,313605
2021,257,592,524395,88,204249,93,244679,304,340181,340,211738,463,258232,487,314092
2021,256,574,524969,101,204350,90,244769,293,340474,315,212053,442,258674,481,314573
2021,255,541,525510,87,204437,93,244862,307,340781,281,212334,416,259090,438,315011
2021,254,540,526050,81,204518,77,244939,297,341078,302,212636,422,259512,441,315452
2021,253,505,526555,69,204587,69,245008,274,341352,277,212913,401,259913,425,315877
2021,252,537,527092,97,204684,83,245091,288,341640,297,213210,411,260324,435,316312
2021,251,529,527621,102,204786,90,245181,302,341942,266,213476,415,260739,412,316724
2021,250,496,528117,97,204883,80,245261,266,342208,282,213758,378,261117,385,317109
2021,249,501,528618,88,204971,67,245328,240,342448,291,214049,399,261516,418,317527
2021,248,439,529057,78,205049,75,245403,226,342674,244,214293,339,261855,354,317881
2021,247,494,529551,90,205139,65,245468,267,342941,275,214568,382,262237,403,318284
2021,246,486,530037,84,205223,81,245549,254,343195,284,214852,372,262609,383,318667
2021,245,424,530461,68,205291,59,245608,222,343417,242,215094,335,262944,346,319013
2021,244,411,530872,75,205366,59,245667,193,343610,242,215336,334,263278,329,319342
2021,243,435,531307,66,205432,65,245732,235,343845,237,215573,359,263637,343,319685
2021,242,431,531738,77,205509,75,245807,241,344086,234,215807,327,263964,338,320023
2021,241,410,532148,63,205572,51,245858,206,344292,231,216038,336,264300,343,320366
2021,240,400,532548,65,205637,72,245930,210,344502,219,216257,323,264623,310,320676
2021,239,401,532949,75,205712,64,245994,213,344715,216,216473,320,264943,315,320991
2021,238,403,533352,87,205799,58,246052,214,344929,209,216682,309,265252,329,321320
2021,237,389,533741,71,205870,54,246106,213,345142,217,216899,294,265546,318,321638
2021,236,343,534084,62,205932,58,246164,182,345324,181,217080,266,265812,279,321917
2021,235,349,534433,56,205988,52,246216,185,345509,204,217284,275,266087,275,322192
2021,234,353,534786,55,206043,50,246266,170,345679,205,217489,294,266381,284,322476
2021,233,343,535129,59,206102,54,246320,189,345868,191,217680,261,266642,275,322751
2021,232,322,535451,41,206143,44,246364,164,346032,189,217869,261,266903,267,323018
2021,231,341,535792,75,206218,69,246433,180,346212,184,218053,255,267158,260,323278
2021,230,300,536092,58,206276,43,246476,181,346393,149,218202,221,267379,245,323523
2021,229,283,536375,44,206320,36,246512,149,346542,161,218363,229,267608,230,323753
2021,228,274,536649,47,206367,44,246556,149,346691,152,218515,215,267823,212,323965
2021,227,279,536928,47,206414,42,246598,155,346846,147,218662,228,268051,218,324183
2021,226,244,537172,46,206460,37,246635,124,346970,135,218797,184,268235,206,324389
2021,225,274,537446,53,206513,47,246682,134,347104,163,218960,213,268448,212,324601
2021,224,257,537703,44,206557,35,246717,137,347241,153,219113,197,268645,205,324806
2021,223,253,537956,45,206602,43,246760,119,347360,156,219269,194,268839,202,325008
2021,222,272,538228,37,206639,38,246798,135,347495,178,219447,221,269060,207,325215
2021,221,222,538450,41,206680,36,246834,115,347610,127,219574,176,269236,170,325385
2021,220,221,538671,37,206717,40,246874,111,347721,128,219702,169,269405,178,325563
2021,219,203,538874,30,206747,32,246906,109,347830,114,219816,163,269568,159,325722
2021,218,197,539071,42,206789,33,246939,106,347936,112,219928,148,269716,150,325872
2021,217,198,539269,31,206820,39,246978,99,348035,118,220046,159,269875,148,326020
2021,216,183,539452,26,206846,24,247002,101,348136,115,220161,153,270028,129,326149
2021,215,151,539603,20,206866,21,247023,74,348210,100,220261,124,270152,113,326262
2021,214,168,539771,43,206909,31,247054,85,348295,98,220359,127,270279,120,326382
2021,213,173,539944,31,206940,32,247086,94,348389,97,220456,133,270412,132,326514
2021,212,189,540133,44,206984,33,247119,93,348482,115,220571,138,270550,144,326658
2021,211,161,540294,34,207018,28,247147,75,348557,99,220670,124,270674,123,326781
2021,210,144,540438,15,207033,18,247165,75,348632,87,220757,119,270793,118,326899
2021,209,139,540577,24,207057,25,247190,74,348706,82,220839,110,270903,102,327001
2021,208,166,540743,35,207092,32,247222,86,348792,94,220933,123,271026,124,327125
2021,207,143,540886,26,207118,25,247247,76,348868,86,221019,110,271136,106,327231
2021,206,119,541005,22,207140,20,247267,60,348928,70,221089,95,271231,90,327321
2021,205,137,541142,39,207179,19,247286,64,348992,82,221171,100,271331,104,327425
2021,204,128,541270,24,207203,26,247312,58,349050,77,221248,101,271432,98,327523
2021,203,116,541386,24,207227,14,247326,56,349106,73,221321,95,271527,83,327606
2021,202,111,541497,20,207247,17,247343,55,349161,64,221385,87,271614,86,327692
2021,201,100,541597,20,207267,15,247358,50,349211,63,221448,74,271688,78,327770
2021,200,118,541715,20,207287,15,247373,57,349268,74,221522,90,271778,98,327868
2021,199,106,541821,18,207305,14,247387,49,349317,72,221594,86,271864,79,327947
2021,198,111,541932,17,207322,15,247402,51,349368,73,221667,85,271949,90,328037
2021,197,81,542013,24,207346,14,247416,38,349406,48,221715,58,272007,60,328097
2021,196,97,542110,14,207360,10,247426,50,349456,65,221780,75,272082,74,328171
2021,195,91,542201,21,207381,14,247440,47,349503,56,221836,68,272150,64,328235
2021,194,89,542290,14,207395,16,247456,43,349546,57,221893,67,272217,70,328305
2021,193,73,542363,12,207407,11,247467,44,349590,40,221933,54,272271,58,328363
2021,192,65,542428,14,207421,15,247482,43,349633,40,221973,42,272313,41,328404
2021,191,85,542513,20,207441,13,247495,40,349673,51,222024,65,272378,64,328468
2021,190,79,542592,19,207460,12,247507,40,349713,48,222072,59,272437,59,328527
2021,189,72,542664,13,207473,9,247516,34,349747,55,222127,55,272492,47,328574
2021,188,76,542740,15,207488,9,247525,38,349785,44,222171,59,272551,59,328633
2021,187,62,542802,9,207497,13,247538,27,349812,47,222218,40,272591,48,328681
2021,186,58,542860,17,207514,10,247548,30,349842,34,222252,39,272630,44,328725
2021,185,78,542938,20,207534,9,247557,30,349872,46,222298,61,272691,64,328789
2021,184,68,543006,13,207547,12,247569,32,349904,45,222343,51,272742,49,328838
2021,183,65,543071,17,207564,13,247582,38,349942,34,222377,41,272783,47,328885
2021,182,46,543117,10,207574,11,247593,21,349963,28,222405,34,272817,34,328919
2021,181,58,543175,9,207583,12,247605,31,349994,38,222443,44,272861,40,328959
2021,180,64,543239,17,207600,10,247615,24,350018,38,222481,45,272906,55,329014
2021,179,51,543290,12,207612,8,247623,20,350038,32,222513,44,272950,37,329051
2021,178,56,543346,9,207621,9,247632,24,350062,38,222551,42,272992,42,329093
2021,177,50,543396,9,207630,10,247642,19,350081,33,222584,38,273030,40,329133
2021,176,52,543448,12,207642,10,247652,28,350109,34,222618,31,273061,41,329174
2021,175,53,543501,14,207656,11,247663,30,350139,31,222649,36,273097,36,329210
2021,174,59,543560,18,207674,16,247679,26,350165,40,222689,38,273135,39,329249
2021,173,59,543619,21,207695,21,247700,29,350194,32,222721,33,273168,35,329284
2021,172,38,543657,8,207703,8,247708,17,350211,24,222745,30,273198,24,329308
2021,171,41,543698,12,207715,11,247719,18,350229,24,222769,27,273225,29,329337
2021,170,39,543737,11,207726,5,247724,18,350247,24,222793,28,273253,31,329368
2021,169,43,543780,14,207740,6,247730,14,350261,27,222820,29,273282,38,329406
2021,168,38,543818,10,207750,6,247736,17,350278,24,222844,28,273310,28,329434
2021,167,51,543869,13,207763,11,247747,27,350305,28,222872,38,273348,34,329468
2021,166,40,543909,8,207771,7,247754,21,350326,20,222892,34,273382,26,329494
2021,165,32,543941,8,207779,9,247763,19,350345,21,222913,19,273401,20,329514
2021,164,28,543969,5,207784,7,247770,11,350356,15,222928,19,273420,22,329536
2021,163,29,543998,7,207791,8,247778,16,350372,12,222940,21,273441,21,329557
2021,162,43,544041,8,207799,6,247784,23,350395,27,222967,33,273474,28,329585
2021,161,34,544075,1,207800,2,247786,14,350409,23,222990,31,273505,28,329613
2021,160,38,544113,8,207808,9,247795,17,350426,23,223013,30,273535,26,329639
2021,159,36,544149,10,207818,10,247805,13,350439,18,223031,26,273561,28,329667
2021,158,27,544176,6,207824,5,247810,10,350449,18,223049,21,273582,21,329688
2021,157,32,544208,3,207827,5,247815,13,350462,23,223072,26,273608,26,329714
2021,156,36,544244,9,207836,9,247824,14,350476,21,223093,24,273632,25,329739
2021,155,27,544271,3,207839,3,247827,14,350490,15,223108,23,273655,23,329762
2021,154,39,544310,8,207847,7,247834,20,350510,21,223129,29,273684,28,329790
2021,153,29,544339,6,207853,4,247838,12,350522,16,223145,25,273709,21,329811
2021,152,35,544374,6,207859,9,247847,17,350539,21,223166,22,273731,22,329833
2021,151,39,544413,11,207870,9,247856,22,350561,20,223186,29,273760,25,329858
2021,150,11,544424,2,207872,1,247857,3,350564,7,223193,7,273767,11,329869
